#
# There is insufficient memory for the Java Runtime Environment to continue.
# Native memory allocation (mmap) failed to map 65536 bytes. Error detail: Failed to commit metaspace.
# Possible reasons:
#   The system is out of physical RAM or swap space
#   This process is running with CompressedOops enabled, and the Java Heap may be blocking the growth of the native heap
# Possible solutions:
#   Reduce memory load on the system
#   Increase physical memory or swap space
#   Check if swap backing store is full
#   Decrease Java heap size (-Xmx/-Xms)
#   Decrease number of Java threads
#   Decrease Java thread stack sizes (-Xss)
#   Set larger code cache with -XX:ReservedCodeCacheSize=
#   JVM is running with Unscaled Compressed Oops mode in which the Java heap is
#     placed in the first 4GB address space. The Java Heap base address is the
#     maximum limit for the native heap growth. Please use -XX:HeapBaseMinAddress
#     to set the Java Heap base and to place the Java Heap above 4GB virtual address.
# This output file may be truncated or incomplete.
#
#  Out of Memory Error (virtualSpaceNode.cpp:113), pid=21872, tid=30792
#
# JRE version: OpenJDK Runtime Environment Temurin-21.0.11+10 (21.0.11+10) (build 21.0.11+10-LTS)
# Java VM: OpenJDK 64-Bit Server VM Temurin-21.0.11+10 (21.0.11+10-LTS, mixed mode, sharing, tiered, compressed oops, compressed class ptrs, parallel gc, windows-amd64)
# No core dump will be written. Minidumps are not enabled by default on client versions of Windows
#

---------------  S U M M A R Y ------------

Command Line: --add-modules=ALL-SYSTEM --add-opens=java.base/java.util=ALL-UNNAMED --add-opens=java.base/java.lang=ALL-UNNAMED --add-opens=java.base/sun.nio.fs=ALL-UNNAMED -Declipse.application=org.eclipse.jdt.ls.core.id1 -Dosgi.bundles.defaultStartLevel=4 -Declipse.product=org.eclipse.jdt.ls.core.product -Djava.import.generatesMetadataFilesAtProjectRoot=false -DDetectVMInstallationsJob.disabled=true -Dfile.encoding=utf8 -XX:+UseParallelGC -XX:GCTimeRatio=4 -XX:AdaptiveSizePolicyWeight=90 -Dsun.zip.disableMemoryMapping=true -Xmx2G -Xms100m -Xlog:disable -javaagent:c:\Users\Admin\.kiro\extensions\redhat.java-1.55.0-win32-x64\lombok\lombok-1.18.39-4050.jar -XX:+HeapDumpOnOutOfMemoryError -XX:HeapDumpPath=c:\Users\Admin\AppData\Roaming\Kiro\User\workspaceStorage\d3571a9e9eae995ea7f6bf7334ee90d5\redhat.java -Daether.dependencyCollector.impl=bf c:\Users\Admin\.kiro\extensions\redhat.java-1.55.0-win32-x64\server\plugins\org.eclipse.equinox.launcher_1.7.200.v20260619-2039.jar -configuration c:\Users\Admin\AppData\Roaming\Kiro\User\globalStorage\redhat.java\1.55.0\config_win -data c:\Users\Admin\AppData\Roaming\Kiro\User\workspaceStorage\d3571a9e9eae995ea7f6bf7334ee90d5\redhat.java\jdt_ws --pipe=\\.\pipe\lsp-c720652db455c1479bda1d16dbd42a10-sock

Host: Intel(R) Core(TM) i5-8265U CPU @ 1.60GHz, 8 cores, 15G,  Windows 11 , 64 bit Build 26100 (10.0.26100.8875)
Time: Fri Aug 14 08:01:31 2026 Sri Lanka Standard Time elapsed time: 7.209281 seconds (0d 0h 0m 7s)

---------------  T H R E A D  ---------------

Current thread (0x000001451cf7add0):  JavaThread "Start Level: Equinox Container: 02609830-c9cd-4283-8dee-95abfce718e6" daemon [_thread_in_vm, id=30792, stack(0x0000000f3f500000,0x0000000f3f600000) (1024K)]

Stack: [0x0000000f3f500000,0x0000000f3f600000]
Native frames: (J=compiled Java code, j=interpreted, Vv=VM code, C=native code)
V  [jvm.dll+0x6d7e19]
V  [jvm.dll+0x8b5096]
V  [jvm.dll+0x8b764e]
V  [jvm.dll+0x8b7d33]
V  [jvm.dll+0x284596]
V  [jvm.dll+0x8b0dde]
V  [jvm.dll+0x6795e4]
V  [jvm.dll+0x1e849b]
V  [jvm.dll+0x1e825e]
V  [jvm.dll+0x67bee2]
V  [jvm.dll+0x67bd12]
V  [jvm.dll+0x679fbe]
V  [jvm.dll+0x684268]
V  [jvm.dll+0x21973e]
V  [jvm.dll+0x219be5]
V  [jvm.dll+0x21a5d8]
V  [jvm.dll+0x20f80e]
V  [jvm.dll+0x5b658f]
V  [jvm.dll+0x82f046]
V  [jvm.dll+0x478ec8]
V  [jvm.dll+0x47ecf8]
C  [java.dll+0x17ec]

Java frames: (J=compiled Java code, j=interpreted, Vv=VM code)
J 1119  java.lang.ClassLoader.defineClass1(Ljava/lang/ClassLoader;Ljava/lang/String;[BIILjava/security/ProtectionDomain;Ljava/lang/String;)Ljava/lang/Class; java.base@21.0.11 (0 bytes) @ 0x00000144c9953f11 [0x00000144c9953e40+0x00000000000000d1]
J 1860 c1 java.lang.ClassLoader.defineClass(Ljava/lang/String;[BIILjava/security/ProtectionDomain;)Ljava/lang/Class; java.base@21.0.11 (43 bytes) @ 0x00000144c216e37c [0x00000144c216e020+0x000000000000035c]
j  org.eclipse.osgi.internal.loader.ModuleClassLoader.defineClass(Ljava/lang/String;[BLorg/eclipse/osgi/internal/loader/classpath/ClasspathEntry;)Lorg/eclipse/osgi/internal/loader/ModuleClassLoader$DefineClassResult;+37
j  org.eclipse.osgi.internal.loader.classpath.ClasspathManager.defineClass(Ljava/lang/String;[BLorg/eclipse/osgi/internal/loader/classpath/ClasspathEntry;Lorg/eclipse/osgi/storage/bundlefile/BundleEntry;Ljava/util/List;)Ljava/lang/Class;+424
j  org.eclipse.osgi.internal.loader.classpath.ClasspathManager.findClassImpl(Ljava/lang/String;Lorg/eclipse/osgi/internal/loader/classpath/ClasspathEntry;Ljava/util/List;)Ljava/lang/Class;+288
j  org.eclipse.osgi.internal.loader.classpath.ClasspathManager.findLocalClassImpl(Ljava/lang/String;[Lorg/eclipse/osgi/internal/loader/classpath/ClasspathEntry;Ljava/util/List;)Ljava/lang/Class;+30
j  org.eclipse.osgi.internal.loader.classpath.ClasspathManager.findLocalClassImpl(Ljava/lang/String;Ljava/util/List;)Ljava/lang/Class;+69
j  org.eclipse.osgi.internal.loader.classpath.ClasspathManager.findLocalClass(Ljava/lang/String;)Ljava/lang/Class;+113
j  org.eclipse.osgi.internal.loader.ModuleClassLoader.findLocalClass(Ljava/lang/String;)Ljava/lang/Class;+5
j  org.eclipse.osgi.internal.loader.BundleLoader.findLocalClass(Ljava/lang/String;)Ljava/lang/Class;+65
J 2411 c1 org.eclipse.osgi.internal.loader.BundleLoader.findClass0(Ljava/lang/String;ZZ)Ljava/lang/Class; (490 bytes) @ 0x00000144c229d6dc [0x00000144c229a540+0x000000000000319c]
J 2410 c1 org.eclipse.osgi.internal.loader.BundleLoader.findClass(Ljava/lang/String;)Ljava/lang/Class; (8 bytes) @ 0x00000144c2299b4c [0x00000144c2299ac0+0x000000000000008c]
J 2413 c1 org.eclipse.osgi.internal.loader.ModuleClassLoader.loadClass(Ljava/lang/String;Z)Ljava/lang/Class; (36 bytes) @ 0x00000144c22a14cc [0x00000144c22a12a0+0x000000000000022c]
J 1007 c1 java.lang.ClassLoader.loadClass(Ljava/lang/String;)Ljava/lang/Class; java.base@21.0.11 (7 bytes) @ 0x00000144c1fa22d4 [0x00000144c1fa21c0+0x0000000000000114]
v  ~StubRoutines::call_stub 0x00000144c934100d
j  org.apache.felix.scr.impl.manager.AbstractComponentManager.loadDependencyManagers(Lorg/apache/felix/scr/impl/metadata/ComponentMetadata;)Ljava/util/List;+64
j  org.apache.felix.scr.impl.manager.AbstractComponentManager.<init>(Lorg/apache/felix/scr/impl/manager/ComponentContainer;Lorg/apache/felix/scr/impl/inject/ComponentMethods;Z)V+153
j  org.apache.felix.scr.impl.manager.SingleComponentManager.<init>(Lorg/apache/felix/scr/impl/manager/ComponentContainer;Lorg/apache/felix/scr/impl/inject/ComponentMethods;Z)V+4
j  org.apache.felix.scr.impl.manager.SingleComponentManager.<init>(Lorg/apache/felix/scr/impl/manager/ComponentContainer;Lorg/apache/felix/scr/impl/inject/ComponentMethods;)V+4
j  org.apache.felix.scr.impl.manager.ConfigurableComponentHolder.createComponentManager(Z)Lorg/apache/felix/scr/impl/manager/AbstractComponentManager;+120
j  org.apache.felix.scr.impl.manager.ConfigurableComponentHolder.enableComponents(Z)Lorg/osgi/util/promise/Promise;+82
j  org.apache.felix.scr.impl.BundleComponentActivator.initialEnable()V+107
j  org.apache.felix.scr.impl.Activator.loadComponents(Lorg/osgi/framework/Bundle;)V+392
j  org.apache.felix.scr.impl.Activator.access$200(Lorg/apache/felix/scr/impl/Activator;Lorg/osgi/framework/Bundle;)V+2
j  org.apache.felix.scr.impl.Activator$ScrExtension.start()V+72
j  org.apache.felix.scr.impl.AbstractExtender.createExtension(Lorg/osgi/framework/Bundle;)V+71
j  org.apache.felix.scr.impl.AbstractExtender.modifiedBundle(Lorg/osgi/framework/Bundle;Lorg/osgi/framework/BundleEvent;Lorg/osgi/framework/Bundle;)V+115
j  org.apache.felix.scr.impl.AbstractExtender.addingBundle(Lorg/osgi/framework/Bundle;Lorg/osgi/framework/BundleEvent;)Lorg/osgi/framework/Bundle;+4
j  org.apache.felix.scr.impl.AbstractExtender.addingBundle(Lorg/osgi/framework/Bundle;Lorg/osgi/framework/BundleEvent;)Ljava/lang/Object;+3
j  org.osgi.util.tracker.BundleTracker$Tracked.customizerAdding(Lorg/osgi/framework/Bundle;Lorg/osgi/framework/BundleEvent;)Ljava/lang/Object;+9
j  org.osgi.util.tracker.BundleTracker$Tracked.customizerAdding(Ljava/lang/Object;Ljava/lang/Object;)Ljava/lang/Object;+9
j  org.osgi.util.tracker.AbstractTracked.trackAdding(Ljava/lang/Object;Ljava/lang/Object;)V+8
j  org.osgi.util.tracker.AbstractTracked.track(Ljava/lang/Object;Ljava/lang/Object;)V+83
j  org.osgi.util.tracker.BundleTracker$Tracked.bundleChanged(Lorg/osgi/framework/BundleEvent;)V+35
j  org.eclipse.osgi.internal.framework.BundleContextImpl.dispatchEvent(Ljava/lang/Object;Ljava/lang/Object;ILjava/lang/Object;)V+166
j  org.eclipse.osgi.framework.eventmgr.EventManager.dispatchEvent(Ljava/util/Set;Lorg/eclipse/osgi/framework/eventmgr/EventDispatcher;ILjava/lang/Object;)V+48
j  org.eclipse.osgi.framework.eventmgr.ListenerQueue.dispatchEventSynchronous(ILjava/lang/Object;)V+67
j  org.eclipse.osgi.internal.framework.EquinoxEventPublisher.publishBundleEventPrivileged(Lorg/osgi/framework/BundleEvent;)V+547
j  org.eclipse.osgi.internal.framework.EquinoxEventPublisher.publishBundleEvent(Lorg/osgi/framework/BundleEvent;)V+8
j  org.eclipse.osgi.internal.framework.EquinoxEventPublisher.publishBundleEvent(ILorg/osgi/framework/Bundle;Lorg/osgi/framework/Bundle;)V+15
j  org.eclipse.osgi.internal.framework.EquinoxContainerAdaptor.publishModuleEvent(Lorg/eclipse/osgi/container/ModuleContainerAdaptor$ModuleEvent;Lorg/eclipse/osgi/container/Module;Lorg/eclipse/osgi/container/Module;)V+29
j  org.eclipse.osgi.container.Module.publishEvent(Lorg/eclipse/osgi/container/ModuleContainerAdaptor$ModuleEvent;)V+13
j  org.eclipse.osgi.container.Module.start([Lorg/eclipse/osgi/container/Module$StartOptions;)V+588
j  org.eclipse.osgi.container.ModuleContainer$ContainerStartLevel$2.run()V+83
j  org.eclipse.osgi.internal.framework.EquinoxContainerAdaptor$1$1.execute(Ljava/lang/Runnable;)V+1
j  org.eclipse.osgi.container.ModuleContainer$ContainerStartLevel.incStartLevel(ILjava/util/List;Z)V+193
j  org.eclipse.osgi.container.ModuleContainer$ContainerStartLevel.incStartLevel(ILjava/util/List;Ljava/util/List;Ljava/util/List;Ljava/util/List;)V+4
j  org.eclipse.osgi.container.ModuleContainer$ContainerStartLevel.doContainerStartLevel(Lorg/eclipse/osgi/container/Module;I[Lorg/osgi/framework/FrameworkListener;)V+358
j  org.eclipse.osgi.container.ModuleContainer$ContainerStartLevel.dispatchEvent(Lorg/eclipse/osgi/container/Module;[Lorg/osgi/framework/FrameworkListener;ILjava/lang/Integer;)V+32
j  org.eclipse.osgi.container.ModuleContainer$ContainerStartLevel.dispatchEvent(Ljava/lang/Object;Ljava/lang/Object;ILjava/lang/Object;)V+15
j  org.eclipse.osgi.framework.eventmgr.EventManager.dispatchEvent(Ljava/util/Set;Lorg/eclipse/osgi/framework/eventmgr/EventDispatcher;ILjava/lang/Object;)V+48
j  org.eclipse.osgi.framework.eventmgr.EventManager$EventThread.run()V+26
v  ~StubRoutines::call_stub 0x00000144c934100d

Compiled method (n/a) 7272 1119     n 0       java.lang.ClassLoader::defineClass1 (native)
 total in heap  [0x00000144c9953c90,0x00000144c9954118] = 1160
 relocation     [0x00000144c9953df0,0x00000144c9953e28] = 56
 main code      [0x00000144c9953e40,0x00000144c9954116] = 726
 stub code      [0x00000144c9954116,0x00000144c9954118] = 2

[Constant Pool (empty)]

[MachCode]
[Entry Point]
  # {method} {0x00000144d6434a48} 'defineClass1' '(Ljava/lang/ClassLoader;Ljava/lang/String;[BIILjava/security/ProtectionDomain;Ljava/lang/String;)Ljava/lang/Class;' in 'java/lang/ClassLoader'
  # parm0:    rdx:rdx   = 'java/lang/ClassLoader'
  # parm1:    r8:r8     = 'java/lang/String'
  # parm2:    r9:r9     = '[B'
  # parm3:    rdi       = int
  # parm4:    rsi       = int
  # parm5:    rcx:rcx   = 'java/security/ProtectionDomain'
  # parm6:    [sp+0xa0]   = 'java/lang/String'  (sp of caller)
  0x00000144c9953e40: 448b 5208 | 49bb 0000 | 00d6 4401 | 0000 4d03 | d349 3bc2 | 0f84 0600 

  0x00000144c9953e58: ;   {runtime_call ic_miss_stub}
  0x00000144c9953e58: 0000 e921 | a6a3 ff90 
[Verified Entry Point]
  0x00000144c9953e60: 8984 2400 | 80ff ff55 | 488b ec48 | 81ec 9000 | 0000 6690 | 4181 7f20 | 0100 0000 

  0x00000144c9953e7c: ;   {runtime_call StubRoutines (final stubs)}
  0x00000144c9953e7c: 7405 e85d | 4ba2 ff48 | 837d 1000 | 488d 4510 | 480f 4445 | 1048 8944 | 2440 4889 | 4c24 7048 
  0x00000144c9953e9c: 83f9 0048 | 8d44 2470 | 480f 4444 | 2470 4889 | 4424 3848 | 8974 2430 | 4889 7c24 | 284c 894c 
  0x00000144c9953ebc: 2458 4983 | f900 488d | 4424 5848 | 0f44 4424 | 5848 8944 | 2420 4c89 | 4424 5049 | 83f8 004c 
  0x00000144c9953edc: 8d4c 2450 | 4c0f 444c | 2450 4889 | 5424 4848 | 83fa 004c | 8d44 2448 | 4c0f 4444 

  0x00000144c9953ef8: ;   {oop(a 'java/lang/Class'{0x00000000d6f81be0} = 'java/lang/ClassLoader')}
  0x00000144c9953ef8: 2448 49be | e01b f8d6 | 0000 0000 | 4c89 7424 | 784c 8d74 | 2478 498b | d6c5 f877 

  0x00000144c9953f14: ;   {internal_word}
  0x00000144c9953f14: 49ba 113f | 95c9 4401 | 0000 4d89 | 97a8 0300 | 0049 89a7 | a003 0000 

  0x00000144c9953f2c: ;   {external_word}
  0x00000144c9953f2c: 49ba c66c | 8769 fe7f | 0000 4180 | 3a00 0f84 | 4e00 0000 | 5241 5041 

  0x00000144c9953f44: ;   {metadata({method} {0x00000144d6434a48} 'defineClass1' '(Ljava/lang/ClassLoader;Ljava/lang/String;[BIILjava/security/ProtectionDomain;Ljava/lang/String;)Ljava/lang/Class;' in 'java/lang/ClassLoader')}
  0x00000144c9953f44: 5148 ba40 | 4a43 d644 | 0100 0049 | 8bcf 4883 | ec20 40f6 | c40f 0f84 | 1900 0000 | 4883 ec08 
  0x00000144c9953f64: ;   {runtime_call}
  0x00000144c9953f64: 48b8 20e5 | 3069 fe7f | 0000 ffd0 | 4883 c408 | e90c 0000 

  0x00000144c9953f78: ;   {runtime_call}
  0x00000144c9953f78: 0048 b820 | e530 69fe | 7f00 00ff | d048 83c4 | 2041 5941 | 585a 498d | 8fc0 0300 | 0041 c787 
  0x00000144c9953f98: 4c04 0000 | 0400 0000 

  0x00000144c9953fa0: ;   {runtime_call}
  0x00000144c9953fa0: 48b8 ac16 | 2de5 fe7f | 0000 ffd0 | c5f8 7741 | c787 4c04 | 0000 0500 | 0000 f083 | 4424 c000 
  0x00000144c9953fc0: 493b af50 | 0400 000f | 870e 0000 | 0041 83bf | 4804 0000 | 000f 842b | 0000 00c5 | f877 4889 
  0x00000144c9953fe0: 45f8 498b | cf4c 8be4 | 4883 ec20 | 4883 e4f0 

  0x00000144c9953ff0: ;   {runtime_call}
  0x00000144c9953ff0: 48b8 e053 | fc68 fe7f | 0000 ffd0 | 498b e44d | 33e4 488b | 45f8 41c7 | 874c 0400 | 0008 0000 
  0x00000144c9954010: 0041 83bf | c804 0000 | 020f 84ca 

  0x00000144c995401c: ;   {external_word}
  0x00000144c995401c: 0000 0049 | bac6 6c87 | 69fe 7f00 | 0041 803a | 000f 844c | 0000 0048 

  0x00000144c9954034: ;   {metadata({method} {0x00000144d6434a48} 'defineClass1' '(Ljava/lang/ClassLoader;Ljava/lang/String;[BIILjava/security/ProtectionDomain;Ljava/lang/String;)Ljava/lang/Class;' in 'java/lang/ClassLoader')}
  0x00000144c9954034: 8945 f848 | ba40 4a43 | d644 0100 | 0049 8bcf | 4883 ec20 | 40f6 c40f | 0f84 1900 | 0000 4883 
  0x00000144c9954054: ;   {runtime_call}
  0x00000144c9954054: ec08 48b8 | 20e5 3069 | fe7f 0000 | ffd0 4883 | c408 e90c 

  0x00000144c9954068: ;   {runtime_call}
  0x00000144c9954068: 0000 0048 | b820 e530 | 69fe 7f00 | 00ff d048 | 83c4 2048 | 8b45 f849 | c787 a003 | 0000 0000 
  0x00000144c9954088: 0000 49c7 | 87a8 0300 | 0000 0000 | 00c5 f877 | 4885 c00f | 8425 0000 | 00a8 030f | 8508 0000 
  0x00000144c99540a8: 0048 8b00 | e915 0000 | 00a8 010f | 8509 0000 | 0048 8b40 | fee9 0400 | 0000 488b | 40ff 498b 
  0x00000144c99540c8: 8f30 0400 | 00c7 8100 | 0100 0000 | 0000 00c9 | 4983 7f08 | 000f 8501 | 0000 00c3 

  0x00000144c99540e4: ;   {runtime_call StubRoutines (initial stubs)}
  0x00000144c99540e4: e917 ce9e | ffc5 f877 | 4889 45f8 | 4c8b e448 | 83ec 2048 

  0x00000144c99540f8: ;   {runtime_call}
  0x00000144c99540f8: 83e4 f048 | b870 1c31 | 69fe 7f00 | 00ff d049 | 8be4 4d33 | e448 8b45 | f8e9 09ff | ffff f4f4 
[/MachCode]


Compiled method (c1) 7289 1860       3       java.lang.ClassLoader::defineClass (43 bytes)
 total in heap  [0x00000144c216de10,0x00000144c216e770] = 2400
 relocation     [0x00000144c216df70,0x00000144c216e010] = 160
 main code      [0x00000144c216e020,0x00000144c216e4c0] = 1184
 stub code      [0x00000144c216e4c0,0x00000144c216e538] = 120
 metadata       [0x00000144c216e538,0x00000144c216e568] = 48
 scopes data    [0x00000144c216e568,0x00000144c216e658] = 240
 scopes pcs     [0x00000144c216e658,0x00000144c216e738] = 224
 dependencies   [0x00000144c216e738,0x00000144c216e748] = 16
 nul chk table  [0x00000144c216e748,0x00000144c216e770] = 40

[Constant Pool (empty)]

[MachCode]
[Entry Point]
  # {method} {0x00000144d6434dc8} 'defineClass' '(Ljava/lang/String;[BIILjava/security/ProtectionDomain;)Ljava/lang/Class;' in 'java/lang/ClassLoader'
  # this:     rdx:rdx   = 'java/lang/ClassLoader'
  # parm0:    r8:r8     = 'java/lang/String'
  # parm1:    r9:r9     = '[B'
  # parm2:    rdi       = int
  # parm3:    rsi       = int
  # parm4:    rcx:rcx   = 'java/security/ProtectionDomain'
  #           [sp+0xc0]  (sp of caller)
  0x00000144c216e020: 448b 5208 | 49bb 0000 | 00d6 4401 | 0000 4d03 | d34c 3bd0 

  0x00000144c216e034: ;   {runtime_call ic_miss_stub}
  0x00000144c216e034: 0f85 4604 | 2207 660f | 1f44 0000 
[Verified Entry Point]
  0x00000144c216e040: 8984 2400 | 80ff ff55 | 4881 ecb0 | 0000 0090 | 4181 7f20 | 0100 0000 

  0x00000144c216e058: ;   {runtime_call StubRoutines (final stubs)}
  0x00000144c216e058: 7405 e881 | a920 0748 | 8954 2478 

  0x00000144c216e064: ;   {metadata(method data for {method} {0x00000144d6434dc8} 'defineClass' '(Ljava/lang/String;[BIILjava/security/ProtectionDomain;)Ljava/lang/Class;' in 'java/lang/ClassLoader')}
  0x00000144c216e064: 48bb d007 | 3718 4501 | 0000 8b83 | cc00 0000 | 83c0 0289 | 83cc 0000 | 0025 fe07 | 0000 85c0 
  0x00000144c216e084: 0f84 5803 | 0000 89b4 | 2494 0000 | 0089 bc24 | 9000 0000 | 4c89 8c24 | 8800 0000 

  0x00000144c216e0a0: ;   {metadata(method data for {method} {0x00000144d6434dc8} 'defineClass' '(Ljava/lang/String;[BIILjava/security/ProtectionDomain;)Ljava/lang/Class;' in 'java/lang/ClassLoader')}
  0x00000144c216e0a0: 488b da48 | b8d0 0737 | 1845 0100 | 0048 8380 | 1001 0000 | 0149 8bd8 | 4c8b c34c | 8bc9 488b 
  0x00000144c216e0c0: ca48 8bd1 | 4889 9c24 | 8000 0000 

  0x00000144c216e0cc: ;   {optimized virtual_call}
  0x00000144c216e0cc: 6666 90e8 

  0x00000144c216e0d0: ; ImmutableOopMap {[120]=Oop [128]=Oop [136]=Oop }
                      ;*invokevirtual preDefineClass {reexecute=0 rethrow=0 return_oop=0}
                      ; - java.lang.ClassLoader::defineClass@4
  0x00000144c216e0d0: cccf edff 

  0x00000144c216e0d4: ;   {other}
  0x00000144c216e0d4: 0f1f 8400 | c402 0000 | 4889 8424 | 9800 0000 | 488b 5424 

  0x00000144c216e0e8: ;   {metadata(method data for {method} {0x00000144d6434dc8} 'defineClass' '(Ljava/lang/String;[BIILjava/security/ProtectionDomain;)Ljava/lang/Class;' in 'java/lang/ClassLoader')}
  0x00000144c216e0e8: 7849 b8d0 | 0737 1845 | 0100 0049 | 8380 4801 

  0x00000144c216e0f8: ;   {metadata(method data for {method} {0x00000144d6434ab0} 'defineClassSourceLocation' '(Ljava/security/ProtectionDomain;)Ljava/lang/String;' in 'java/lang/ClassLoader')}
  0x00000144c216e0f8: 0000 0149 | b8e8 0e37 | 1845 0100 | 0041 8b90 | cc00 0000 | 83c2 0241 | 8990 cc00 | 0000 81e2 
  0x00000144c216e118: feff 1f00 | 85d2 0f84 | df02 0000 

  0x00000144c216e124: ; implicit exception: dispatches to 0x00000144c216e424
  0x00000144c216e124: 483b 004c 

  0x00000144c216e128: ;   {metadata(method data for {method} {0x00000144d6434ab0} 'defineClassSourceLocation' '(Ljava/security/ProtectionDomain;)Ljava/lang/String;' in 'java/lang/ClassLoader')}
  0x00000144c216e128: 8bc0 48ba | e80e 3718 | 4501 0000 | 4883 8210 | 0100 0001 | 448b 4010 

  0x00000144c216e140: ;   {metadata(method data for {method} {0x00000144d6434ab0} 'defineClassSourceLocation' '(Ljava/security/ProtectionDomain;)Ljava/lang/String;' in 'java/lang/ClassLoader')}
  0x00000144c216e140: 4d85 c048 | bae8 0e37 | 1845 0100 | 0048 c7c6 | 5801 0000 | 7507 48c7 | c648 0100 | 0048 8b3c 
  0x00000144c216e160: 3248 8d7f | 0148 893c | 320f 850f 

  0x00000144c216e16c: ;   {oop(nullptr)}
  0x00000144c216e16c: 0000 0048 | bb00 0000 | 0000 0000 | 00e9 a901 | 0000 493b | 0049 8bd0 

  0x00000144c216e184: ;   {metadata(method data for {method} {0x00000144d6434ab0} 'defineClassSourceLocation' '(Ljava/security/ProtectionDomain;)Ljava/lang/String;' in 'java/lang/ClassLoader')}
  0x00000144c216e184: 48be e80e | 3718 4501 | 0000 4883 | 8668 0100 | 0001 418b | 500c 4885 

  0x00000144c216e19c: ;   {metadata(method data for {method} {0x00000144d6434ab0} 'defineClassSourceLocation' '(Ljava/security/ProtectionDomain;)Ljava/lang/String;' in 'java/lang/ClassLoader')}
  0x00000144c216e19c: d248 bee8 | 0e37 1845 | 0100 0048 | c7c7 b001 | 0000 7507 | 48c7 c7a0 | 0100 0048 | 8b1c 3e48 
  0x00000144c216e1bc: 8d5b 0148 | 891c 3e0f | 850f 0000 

  0x00000144c216e1c8: ;   {oop(nullptr)}
  0x00000144c216e1c8: 0048 bb00 | 0000 0000 | 0000 00e9 | 4f01 0000 

  0x00000144c216e1d8: ;   {metadata(method data for {method} {0x00000144d6434ab0} 'defineClassSourceLocation' '(Ljava/security/ProtectionDomain;)Ljava/lang/String;' in 'java/lang/ClassLoader')}
  0x00000144c216e1d8: 48be e80e | 3718 4501 | 0000 4883 | 86c0 0100 | 0001 483b | 024c 8bc2 

  0x00000144c216e1f0: ;   {metadata(method data for {method} {0x00000144d6434ab0} 'defineClassSourceLocation' '(Ljava/security/ProtectionDomain;)Ljava/lang/String;' in 'java/lang/ClassLoader')}
  0x00000144c216e1f0: 48be e80e | 3718 4501 | 0000 4883 | 86f8 0100 

  0x00000144c216e200: ;   {metadata(method data for {method} {0x00000144d601abf0} 'toString' '()Ljava/lang/String;' in 'java/net/URL')}
  0x00000144c216e200: 0001 49b8 | b802 3718 | 4501 0000 | 418b b0cc | 0000 0083 | c602 4189 | b0cc 0000 | 0081 e6fe 
  0x00000144c216e220: ff1f 0085 | f60f 8408 | 0200 004c 

  0x00000144c216e22c: ;   {metadata(method data for {method} {0x00000144d601abf0} 'toString' '()Ljava/lang/String;' in 'java/net/URL')}
  0x00000144c216e22c: 8bc2 48be | b802 3718 | 4501 0000 | 4883 8610 | 0100 0001 

  0x00000144c216e240: ;   {metadata(method data for {method} {0x00000144d6428650} 'toExternalForm' '()Ljava/lang/String;' in 'java/net/URL')}
  0x00000144c216e240: 49b8 e098 | 3618 4501 | 0000 418b | b0cc 0000 | 0083 c602 | 4189 b0cc | 0000 0081 | e6fe ff1f 
  0x00000144c216e260: 0085 f60f | 84eb 0100 | 008b 7238 

  0x00000144c216e26c: ; implicit exception: dispatches to 0x00000144c216e475
  0x00000144c216e26c: 483b 064c 

  0x00000144c216e270: ;   {metadata(method data for {method} {0x00000144d6428650} 'toExternalForm' '()Ljava/lang/String;' in 'java/net/URL')}
  0x00000144c216e270: 8bc6 48bf | e098 3618 | 4501 0000 | 458b 4008 | 49ba 0000 | 00d6 4401 | 0000 4d03 | c24c 3b87 
  0x00000144c216e290: 2001 0000 | 750d 4883 | 8728 0100 | 0001 e960 | 0000 004c | 3b87 3001 | 0000 750d | 4883 8738 
  0x00000144c216e2b0: 0100 0001 | e94a 0000 | 0048 83bf | 2001 0000 | 0075 174c | 8987 2001 | 0000 48c7 | 8728 0100 
  0x00000144c216e2d0: 0001 0000 | 00e9 2900 | 0000 4883 | bf30 0100 | 0000 7517 | 4c89 8730 | 0100 0048 | c787 3801 
  0x00000144c216e2f0: 0000 0100 | 0000 e908 | 0000 0048 | 8387 1001 | 0000 014c | 8bc2 488b | d60f 1f40 | 0048 b8ff 
  0x00000144c216e310: ffff ffff 

  0x00000144c216e314: ;   {virtual_call}
  0x00000144c216e314: ffff ffe8 

  0x00000144c216e318: ; ImmutableOopMap {[120]=Oop [128]=Oop [136]=Oop [152]=Oop }
                      ;*invokevirtual toExternalForm {reexecute=0 rethrow=0 return_oop=0}
                      ; - java.net.URL::toExternalForm@5
                      ; - java.net.URL::toString@1
                      ; - java.lang.ClassLoader::defineClassSourceLocation@22
                      ; - java.lang.ClassLoader::defineClass@12
  0x00000144c216e318: b4e8 2d07 

  0x00000144c216e31c: ;   {other}
  0x00000144c216e31c: 0f1f 8400 | 0c05 0001 | 488b d848 | 8b84 2498 | 0000 008b | b424 9400 | 0000 8bbc | 2490 0000 
  0x00000144c216e33c: 004c 8b8c | 2488 0000 | 004c 8b84 | 2480 0000 | 0048 8b54 

  0x00000144c216e350: ;   {metadata(method data for {method} {0x00000144d6434dc8} 'defineClass' '(Ljava/lang/String;[BIILjava/security/ProtectionDomain;)Ljava/lang/Class;' in 'java/lang/ClassLoader')}
  0x00000144c216e350: 2478 48b9 | d007 3718 | 4501 0000 | 4883 8180 | 0100 0001 | 4c8b da49 | 8bd3 488b | c848 891c 
  0x00000144c216e370: 2466 0f1f 

  0x00000144c216e374: ;   {static_call}
  0x00000144c216e374: 4400 00e8 

  0x00000144c216e378: ; ImmutableOopMap {[120]=Oop [152]=Oop }
                      ;*invokestatic defineClass1 {reexecute=0 rethrow=0 return_oop=0}
                      ; - java.lang.ClassLoader::defineClass@27
  0x00000144c216e378: e45a 7e07 

  0x00000144c216e37c: ;   {other}
  0x00000144c216e37c: 0f1f 8400 | 6c05 0002 | 488b 5424 

  0x00000144c216e388: ;   {metadata(method data for {method} {0x00000144d6434dc8} 'defineClass' '(Ljava/lang/String;[BIILjava/security/ProtectionDomain;)Ljava/lang/Class;' in 'java/lang/ClassLoader')}
  0x00000144c216e388: 7849 b8d0 | 0737 1845 | 0100 0049 | 8380 9001 | 0000 014c | 8bc0 4c8b | 8c24 9800 | 0000 488b 
  0x00000144c216e3a8: 5424 7848 | 8984 24a0 | 0000 000f 

  0x00000144c216e3b4: ;   {optimized virtual_call}
  0x00000144c216e3b4: 1f40 00e8 

  0x00000144c216e3b8: ; ImmutableOopMap {[160]=Oop }
                      ;*invokevirtual postDefineClass {reexecute=0 rethrow=0 return_oop=0}
                      ; - java.lang.ClassLoader::defineClass@37
  0x00000144c216e3b8: 6476 f7ff 

  0x00000144c216e3bc: ;   {other}
  0x00000144c216e3bc: 0f1f 8400 | ac05 0003 | 488b 8424 | a000 0000 | 4881 c4b0 | 0000 005d 

  0x00000144c216e3d4: ;   {poll_return}
  0x00000144c216e3d4: 493b a750 | 0400 000f | 8799 0000 

  0x00000144c216e3e0: ;   {metadata({method} {0x00000144d6434dc8} 'defineClass' '(Ljava/lang/String;[BIILjava/security/ProtectionDomain;)Ljava/lang/Class;' in 'java/lang/ClassLoader')}
  0x00000144c216e3e0: 00c3 49ba | c04d 43d6 | 4401 0000 | 4c89 5424 | 0848 c704 | 24ff ffff 

  0x00000144c216e3f8: ;   {runtime_call counter_overflow Runtime1 stub}
  0x00000144c216e3f8: ffe8 8281 

  0x00000144c216e3fc: ; ImmutableOopMap {rdx=Oop r8=Oop r9=Oop rcx=Oop [120]=Oop }
                      ;*synchronization entry
                      ; - java.lang.ClassLoader::defineClass@-1
  0x00000144c216e3fc: 2d07 e987 

  0x00000144c216e400: ;   {metadata({method} {0x00000144d6434ab0} 'defineClassSourceLocation' '(Ljava/security/ProtectionDomain;)Ljava/lang/String;' in 'java/lang/ClassLoader')}
  0x00000144c216e400: fcff ff49 | baa8 4a43 | d644 0100 | 004c 8954 | 2408 48c7 | 0424 ffff 

  0x00000144c216e418: ;   {runtime_call counter_overflow Runtime1 stub}
  0x00000144c216e418: ffff e861 

  0x00000144c216e41c: ; ImmutableOopMap {rax=Oop [120]=Oop [128]=Oop [136]=Oop [152]=Oop }
                      ;*synchronization entry
                      ; - java.lang.ClassLoader::defineClassSourceLocation@-1
                      ; - java.lang.ClassLoader::defineClass@12
  0x00000144c216e41c: 812d 07e9 | 00fd ffff 

  0x00000144c216e424: ;   {runtime_call throw_null_pointer_exception Runtime1 stub}
  0x00000144c216e424: e8d7 4124 

  0x00000144c216e428: ; ImmutableOopMap {rax=Oop [120]=Oop [128]=Oop [136]=Oop [152]=Oop }
                      ;*invokevirtual getCodeSource {reexecute=0 rethrow=0 return_oop=0}
                      ; - java.lang.ClassLoader::defineClassSourceLocation@1
                      ; - java.lang.ClassLoader::defineClass@12
                      ;   {runtime_call throw_null_pointer_exception Runtime1 stub}
  0x00000144c216e428: 07e8 d241 

  0x00000144c216e42c: ; ImmutableOopMap {rax=Oop r8=Oop [120]=Oop [128]=Oop [136]=Oop [152]=Oop }
                      ;*invokevirtual getLocation {reexecute=0 rethrow=0 return_oop=0}
                      ; - java.lang.ClassLoader::defineClassSourceLocation@12
                      ; - java.lang.ClassLoader::defineClass@12
                      ;   {runtime_call throw_null_pointer_exception Runtime1 stub}
  0x00000144c216e42c: 2407 e8cd 

  0x00000144c216e430: ; ImmutableOopMap {rdx=Oop [120]=Oop [128]=Oop [136]=Oop [152]=Oop }
                      ;*invokevirtual toString {reexecute=0 rethrow=0 return_oop=0}
                      ; - java.lang.ClassLoader::defineClassSourceLocation@22
                      ; - java.lang.ClassLoader::defineClass@12
                      ;   {metadata({method} {0x00000144d601abf0} 'toString' '()Ljava/lang/String;' in 'java/net/URL')}
  0x00000144c216e430: 4124 0749 | bae8 ab01 | d644 0100 | 004c 8954 | 2408 48c7 | 0424 ffff 

  0x00000144c216e448: ;   {runtime_call counter_overflow Runtime1 stub}
  0x00000144c216e448: ffff e831 

  0x00000144c216e44c: ; ImmutableOopMap {rdx=Oop [120]=Oop [128]=Oop [136]=Oop [152]=Oop }
                      ;*synchronization entry
                      ; - java.net.URL::toString@-1
                      ; - java.lang.ClassLoader::defineClassSourceLocation@22
                      ; - java.lang.ClassLoader::defineClass@12
  0x00000144c216e44c: 812d 07e9 | d7fd ffff 

  0x00000144c216e454: ;   {metadata({method} {0x00000144d6428650} 'toExternalForm' '()Ljava/lang/String;' in 'java/net/URL')}
  0x00000144c216e454: 49ba 4886 | 42d6 4401 | 0000 4c89 | 5424 0848 | c704 24ff 

  0x00000144c216e468: ;   {runtime_call counter_overflow Runtime1 stub}
  0x00000144c216e468: ffff ffe8 

  0x00000144c216e46c: ; ImmutableOopMap {rdx=Oop [120]=Oop [128]=Oop [136]=Oop [152]=Oop }
                      ;*synchronization entry
                      ; - java.net.URL::toExternalForm@-1
                      ; - java.net.URL::toString@1
                      ; - java.lang.ClassLoader::defineClassSourceLocation@22
                      ; - java.lang.ClassLoader::defineClass@12
  0x00000144c216e46c: 1081 2d07 | e9f4 fdff 

  0x00000144c216e474: ;   {runtime_call throw_null_pointer_exception Runtime1 stub}
  0x00000144c216e474: ffe8 8641 

  0x00000144c216e478: ; ImmutableOopMap {rdx=Oop rsi=Oop [120]=Oop [128]=Oop [136]=Oop [152]=Oop }
                      ;*invokevirtual toExternalForm {reexecute=0 rethrow=0 return_oop=0}
                      ; - java.net.URL::toExternalForm@5
                      ; - java.net.URL::toString@1
                      ; - java.lang.ClassLoader::defineClassSourceLocation@22
                      ; - java.lang.ClassLoader::defineClass@12
                      ;   {internal_word}
  0x00000144c216e478: 2407 49ba | d4e3 16c2 | 4401 0000 | 4d89 9768 

  0x00000144c216e488: ;   {runtime_call SafepointBlob}
  0x00000144c216e488: 0400 00e9 | 7066 2207 | 498b 8700 | 0500 0049 | c787 0005 | 0000 0000 | 0000 49c7 | 8708 0500 
  0x00000144c216e4a8: 0000 0000 | 0048 81c4 | b000 0000 

  0x00000144c216e4b4: ;   {runtime_call unwind_exception Runtime1 stub}
  0x00000144c216e4b4: 5de9 c61d | 2d07 f4f4 | f4f4 f4f4 
[Stub Code]
  0x00000144c216e4c0: ;   {no_reloc}
  0x00000144c216e4c0: 0f1f 4400 

  0x00000144c216e4c4: ;   {static_stub}
  0x00000144c216e4c4: 0048 bb00 | 0000 0000 

  0x00000144c216e4cc: ;   {runtime_call nmethod}
  0x00000144c216e4cc: 0000 00e9 | fbff ffff 

  0x00000144c216e4d4: ;   {static_stub}
  0x00000144c216e4d4: 48bb 0000 | 0000 0000 

  0x00000144c216e4dc: ;   {runtime_call nmethod}
  0x00000144c216e4dc: 0000 e9fb 

  0x00000144c216e4e0: ;   {static_stub}
  0x00000144c216e4e0: ffff ff48 | bb00 0000 | 0000 0000 

  0x00000144c216e4ec: ;   {runtime_call nmethod}
  0x00000144c216e4ec: 00e9 fbff 

  0x00000144c216e4f0: ;   {static_stub}
  0x00000144c216e4f0: ffff 48bb | 0000 0000 | 0000 0000 

  0x00000144c216e4fc: ;   {runtime_call nmethod}
  0x00000144c216e4fc: e9fb ffff 

  0x00000144c216e500: ;   {runtime_call handle_exception_from_callee Runtime1 stub}
  0x00000144c216e500: ffe8 fa22 

  0x00000144c216e504: ;   {external_word}
  0x00000144c216e504: 2407 48b9 | 4063 5d69 | fe7f 0000 | 4883 e4f0 

  0x00000144c216e514: ;   {runtime_call}
  0x00000144c216e514: 48b8 d0c4 | 1f69 fe7f | 0000 ffd0 

  0x00000144c216e520: ;   {section_word}
  0x00000144c216e520: f449 ba21 | e516 c244 | 0100 0041 

  0x00000144c216e52c: ;   {runtime_call DeoptimizationBlob}
  0x00000144c216e52c: 52e9 6e58 | 2207 f4f4 | f4f4 f4f4 
[/MachCode]


Compiled method (c1) 7332 2411   !   3       org.eclipse.osgi.internal.loader.BundleLoader::findClass0 (490 bytes)
 total in heap  [0x00000144c2299c90,0x00000144c22a0870] = 27616
 relocation     [0x00000144c2299df0,0x00000144c229a540] = 1872
 main code      [0x00000144c229a540,0x00000144c229ecb0] = 18288
 stub code      [0x00000144c229ecb0,0x00000144c229eff8] = 840
 oops           [0x00000144c229eff8,0x00000144c229f030] = 56
 metadata       [0x00000144c229f030,0x00000144c229f148] = 280
 scopes data    [0x00000144c229f148,0x00000144c229fbd8] = 2704
 scopes pcs     [0x00000144c229fbd8,0x00000144c22a05e8] = 2576
 dependencies   [0x00000144c22a05e8,0x00000144c22a0640] = 88
 handler table  [0x00000144c22a0640,0x00000144c22a0760] = 288
 nul chk table  [0x00000144c22a0760,0x00000144c22a0870] = 272

[Constant Pool (empty)]

[MachCode]
[Entry Point]
  # {method} {0x000001451858c840} 'findClass0' '(Ljava/lang/String;ZZ)Ljava/lang/Class;' in 'org/eclipse/osgi/internal/loader/BundleLoader'
  # this:     rdx:rdx   = 'org/eclipse/osgi/internal/loader/BundleLoader'
  # parm0:    r8:r8     = 'java/lang/String'
  # parm1:    r9        = boolean
  # parm2:    rdi       = boolean
  #           [sp+0x180]  (sp of caller)
  0x00000144c229a540: 448b 5208 | 49bb 0000 | 00d6 4401 | 0000 4d03 | d34c 3bd0 

  0x00000144c229a554: ;   {runtime_call ic_miss_stub}
  0x00000144c229a554: 0f85 263f | 0f07 660f | 1f44 0000 
[Verified Entry Point]
  0x00000144c229a560: 8984 2400 | 80ff ff55 | 4881 ec70 | 0100 0090 | 4181 7f20 | 0100 0000 

  0x00000144c229a578: ;   {runtime_call StubRoutines (final stubs)}
  0x00000144c229a578: 7405 e861 | e40d 0748 | 8994 24a8 | 0000 004c | 8984 24a0 | 0000 0044 | 898c 24b0 

  0x00000144c229a594: ;   {metadata(method data for {method} {0x000001451858c840} 'findClass0' '(Ljava/lang/String;ZZ)Ljava/lang/Class;' in 'org/eclipse/osgi/internal/loader/BundleLoader')}
  0x00000144c229a594: 0000 0048 | be60 ed85 | 1845 0100 | 008b 9ecc | 0000 0083 | c302 899e | cc00 0000 | 81e3 fe07 
  0x00000144c229a5b4: 0000 85db | 0f84 243d | 0000 4585 

  0x00000144c229a5c0: ;   {metadata(method data for {method} {0x000001451858c840} 'findClass0' '(Ljava/lang/String;ZZ)Ljava/lang/Class;' in 'org/eclipse/osgi/internal/loader/BundleLoader')}
  0x00000144c229a5c0: c948 be60 | ed85 1845 | 0100 0048 | c7c3 2001 | 0000 7507 | 48c7 c310 | 0100 0048 | 8b04 1e48 
  0x00000144c229a5e0: 8d40 0148 | 8904 1e0f | 850c 0000 | 0089 bc24 | b400 0000 | e9ec 0000 | 008b 7248 

  0x00000144c229a5fc: ;   {metadata(method data for {method} {0x000001451858c840} 'findClass0' '(Ljava/lang/String;ZZ)Ljava/lang/Class;' in 'org/eclipse/osgi/internal/loader/BundleLoader')}
  0x00000144c229a5fc: 4885 f648 | be60 ed85 | 1845 0100 | 0048 c7c3 | 3001 0000 | 7407 48c7 | c340 0100 | 0048 8b04 
  0x00000144c229a61c: 1e48 8d40 | 0148 8904 | 1e89 bc24 | b400 0000 | 0f84 b300 | 0000 493b | 0049 8bf0 

  0x00000144c229a638: ;   {metadata(method data for {method} {0x000001451858c840} 'findClass0' '(Ljava/lang/String;ZZ)Ljava/lang/Class;' in 'org/eclipse/osgi/internal/loader/BundleLoader')}
  0x00000144c229a638: 48bb 60ed | 8518 4501 | 0000 4883 | 8350 0100 

  0x00000144c229a648: ;   {metadata(method data for {method} {0x00000144d6453928} 'startsWith' '(Ljava/lang/String;)Z' in 'java/lang/String')}
  0x00000144c229a648: 0001 48be | 9097 0818 | 4501 0000 | 8b9e cc00 | 0000 83c3 | 0289 9ecc | 0000 0081 | e3fe ff1f 
  0x00000144c229a668: 0085 db0f | 8497 3c00 | 0049 8bf0 

  0x00000144c229a674: ;   {metadata(method data for {method} {0x00000144d6453928} 'startsWith' '(Ljava/lang/String;)Z' in 'java/lang/String')}
  0x00000144c229a674: 48bb 9097 | 0818 4501 | 0000 4883 | 8310 0100 | 0001 498b 

  0x00000144c229a688: ;   {oop("java."{0x0000000080006600})}
  0x00000144c229a688: f049 b800 | 6600 8000 | 0000 0041 | b900 0000 | 0048 8bd6 

  0x00000144c229a69c: ;   {optimized virtual_call}
  0x00000144c229a69c: 6666 90e8 

  0x00000144c229a6a0: ; ImmutableOopMap {[160]=Oop [168]=Oop }
                      ;*invokevirtual startsWith {reexecute=0 rethrow=0 return_oop=0}
                      ; - java.lang.String::startsWith@3
                      ; - org.eclipse.osgi.internal.loader.BundleLoader::findClass0@14 (line 466)
  0x00000144c229a6a0: 3ce1 6a07 

  0x00000144c229a6a4: ;   {other}
  0x00000144c229a6a4: 0f1f 8400 | 140a 0000 | 83e0 0185 

  0x00000144c229a6b0: ;   {metadata(method data for {method} {0x000001451858c840} 'findClass0' '(Ljava/lang/String;ZZ)Ljava/lang/Class;' in 'org/eclipse/osgi/internal/loader/BundleLoader')}
  0x00000144c229a6b0: c048 b960 | ed85 1845 | 0100 0049 | c7c0 9801 | 0000 7507 | 49c7 c088 | 0100 004e | 8b0c 014d 
  0x00000144c229a6d0: 8d49 014e | 890c 010f | 8549 3900 | 004c 8b84 | 24a0 0000 

  0x00000144c229a6e4: ;   {metadata(method data for {method} {0x000001451858c840} 'findClass0' '(Ljava/lang/String;ZZ)Ljava/lang/Class;' in 'org/eclipse/osgi/internal/loader/BundleLoader')}
  0x00000144c229a6e4: 0048 b960 | ed85 1845 | 0100 0048 | 8381 e001 

  0x00000144c229a6f4: ;   {metadata(method data for {method} {0x000001451858abc8} 'getPackageName' '(Ljava/lang/String;)Ljava/lang/String;' in 'org/eclipse/osgi/internal/loader/BundleLoader')}
  0x00000144c229a6f4: 0000 0148 | b9d8 e285 | 1845 0100 | 0044 8b89 | cc00 0000 | 4183 c102 | 4489 89cc | 0000 0041 
  0x00000144c229a714: 81e1 feff | 1f00 4585 | c90f 8406 | 3c00 004d 

  0x00000144c229a724: ;   {metadata(method data for {method} {0x000001451858abc8} 'getPackageName' '(Ljava/lang/String;)Ljava/lang/String;' in 'org/eclipse/osgi/internal/loader/BundleLoader')}
  0x00000144c229a724: 85c0 48b9 | d8e2 8518 | 4501 0000 | 49c7 c110 | 0100 0074 | 0749 c7c1 | 2001 0000 | 4a8b 1409 
  0x00000144c229a744: 488d 5201 | 4a89 1409 | 0f84 5801 | 0000 493b | 0049 8bc8 

  0x00000144c229a758: ;   {metadata(method data for {method} {0x000001451858abc8} 'getPackageName' '(Ljava/lang/String;)Ljava/lang/String;' in 'org/eclipse/osgi/internal/loader/BundleLoader')}
  0x00000144c229a758: 49b9 d8e2 | 8518 4501 | 0000 4983 | 8130 0100 

  0x00000144c229a768: ;   {metadata(method data for {method} {0x00000144d6453820} 'lastIndexOf' '(I)I' in 'java/lang/String')}
  0x00000144c229a768: 0001 48b9 | 805f 0518 | 4501 0000 | 448b 89cc | 0000 0041 | 83c1 0244 | 8989 cc00 | 0000 4181 
  0x00000144c229a788: e1fe ff1f | 0045 85c9 | 0f84 b93b | 0000 498b 

  0x00000144c229a798: ;   {metadata(method data for {method} {0x00000144d6453820} 'lastIndexOf' '(I)I' in 'java/lang/String')}
  0x00000144c229a798: c849 b980 | 5f05 1845 | 0100 0049 | 8381 1001 

  0x00000144c229a7a8: ;   {metadata(method data for {method} {0x00000144d600ee90} 'length' '()I' in 'java/lang/String')}
  0x00000144c229a7a8: 0000 0148 | b938 f500 | 1845 0100 | 0044 8b89 | cc00 0000 | 4183 c102 | 4489 89cc | 0000 0041 
  0x00000144c229a7c8: 81e1 feff | 1f00 4585 | c90f 8499 | 3b00 0041 | 8b48 1444 | 8b49 0c49 

  0x00000144c229a7e0: ;   {metadata(method data for {method} {0x00000144d600ee90} 'length' '()I' in 'java/lang/String')}
  0x00000144c229a7e0: 8bc8 48ba | 38f5 0018 | 4501 0000 | 4883 8210 | 0100 0001 

  0x00000144c229a7f4: ;   {metadata(method data for {method} {0x00000144d6454b08} 'coder' '()B' in 'java/lang/String')}
  0x00000144c229a7f4: 48b9 c0f3 | 0018 4501 | 0000 8b91 | cc00 0000 | 83c2 0289 | 91cc 0000 | 0081 e2fe | ff1f 0085 
  0x00000144c229a814: d20f 847b 

  0x00000144c229a818: ;   {metadata(method data for {method} {0x00000144d6454b08} 'coder' '()B' in 'java/lang/String')}
  0x00000144c229a818: 3b00 0048 | b9c0 f300 | 1845 0100 | 00ff 8120 | 0100 0041 | 0fbe 4810 

  0x00000144c229a830: ;   {metadata(method data for {method} {0x00000144d6454b08} 'coder' '()B' in 'java/lang/String')}
  0x00000144c229a830: 48ba c0f3 | 0018 4501 | 0000 ff82 | 3001 0000 | c1e1 18c1 | f918 41d3 | f949 8bd0 

  0x00000144c229a84c: ;   {metadata(method data for {method} {0x00000144d6453820} 'lastIndexOf' '(I)I' in 'java/lang/String')}
  0x00000144c229a84c: 48be 805f | 0518 4501 | 0000 4883 | 8648 0100 | 0001 41ff | c949 8bf0 | 41b8 2e00 | 0000 488b 
  0x00000144c229a86c: ;   {optimized virtual_call}
  0x00000144c229a86c: d666 90e8 

  0x00000144c229a870: ; ImmutableOopMap {[160]=Oop [168]=Oop }
                      ;*invokevirtual lastIndexOf {reexecute=0 rethrow=0 return_oop=0}
                      ; - java.lang.String::lastIndexOf@8
                      ; - org.eclipse.osgi.internal.loader.BundleLoader::getPackageName@7 (line 143)
                      ; - org.eclipse.osgi.internal.loader.BundleLoader::findClass0@30 (line 473)
  0x00000144c229a870: 8c1c beff 

  0x00000144c229a874: ;   {other}
  0x00000144c229a874: 0f1f 8400 | e40b 0001 

  0x00000144c229a87c: ;   {metadata(method data for {method} {0x000001451858abc8} 'getPackageName' '(Ljava/lang/String;)Ljava/lang/String;' in 'org/eclipse/osgi/internal/loader/BundleLoader')}
  0x00000144c229a87c: 85c0 49b8 | d8e2 8518 | 4501 0000 | 49c7 c178 | 0100 007f | 0749 c7c1 | 6801 0000 | 4b8b 1408 
  0x00000144c229a89c: 488d 5201 | 4b89 1408 | 0f8f 0f00 

  0x00000144c229a8a8: ;   {oop("."{0x00000000800006a8})}
  0x00000144c229a8a8: 0000 48be | a806 0080 | 0000 0000 | e93e 0000 | 004c 8b84 | 24a0 0000 

  0x00000144c229a8c0: ;   {metadata(method data for {method} {0x000001451858abc8} 'getPackageName' '(Ljava/lang/String;)Ljava/lang/String;' in 'org/eclipse/osgi/internal/loader/BundleLoader')}
  0x00000144c229a8c0: 0049 b9d8 | e285 1845 | 0100 0049 | 8381 8801 | 0000 0141 | b800 0000 | 004c 8bc8 | 488b 9424 
  0x00000144c229a8e0: a000 0000 

  0x00000144c229a8e4: ;   {optimized virtual_call}
  0x00000144c229a8e4: 6666 90e8 

  0x00000144c229a8e8: ; ImmutableOopMap {[160]=Oop [168]=Oop }
                      ;*invokevirtual substring {reexecute=0 rethrow=0 return_oop=0}
                      ; - org.eclipse.osgi.internal.loader.BundleLoader::getPackageName@18 (line 145)
                      ; - org.eclipse.osgi.internal.loader.BundleLoader::findClass0@30 (line 473)
  0x00000144c229a8e8: 7418 f9ff 

  0x00000144c229a8ec: ;   {other}
  0x00000144c229a8ec: 0f1f 8400 | 5c0c 0002 | 488b f048 | 8b94 24a8 | 0000 0044 | 8b42 1849 | 3b00 498b 

  0x00000144c229a908: ;   {metadata(method data for {method} {0x000001451858c840} 'findClass0' '(Ljava/lang/String;ZZ)Ljava/lang/Class;' in 'org/eclipse/osgi/internal/loader/BundleLoader')}
  0x00000144c229a908: f848 bb60 | ed85 1845 

  0x00000144c229a910: ;   {metadata('org/eclipse/osgi/internal/debug/Debug')}
  0x00000144c229a910: 0100 0049 | ba80 0909 | d744 0100 | 004c 8993 | 0002 0000 | 4883 8308 | 0200 0001 

  0x00000144c229a92c: ;   {metadata(method data for {method} {0x00000145184e54e8} 'loaderWithPackage' '(Ljava/lang/String;)Ljava/lang/String;' in 'org/eclipse/osgi/internal/debug/Debug')}
  0x00000144c229a92c: 48bf b0fa | 8518 4501 | 0000 8b9f | cc00 0000 | 83c3 0289 | 9fcc 0000 | 0081 e3fe | ff1f 0085 
  0x00000144c229a94c: db0f 8469 | 3a00 0041 | 0fbe 780e 

  0x00000144c229a958: ;   {metadata(method data for {method} {0x00000145184e54e8} 'loaderWithPackage' '(Ljava/lang/String;)Ljava/lang/String;' in 'org/eclipse/osgi/internal/debug/Debug')}
  0x00000144c229a958: 85ff 48bf | b0fa 8518 | 4501 0000 | 48c7 c310 | 0100 0074 | 0748 c7c3 | 2001 0000 | 488b 041f 
  0x00000144c229a978: 488d 4001 | 4889 041f | 0f84 1700 

  0x00000144c229a984: ;   {oop("org.eclipse.osgi/debug/loader"{0x00000000d71bd400})}
  0x00000144c229a984: 0000 48bb | 00d4 1bd7 | 0000 0000 | 4889 b424 | b800 0000 | e94e 0100 | 0041 0fbe | 780f 85ff 
  0x00000144c229a9a4: ;   {metadata(method data for {method} {0x00000145184e54e8} 'loaderWithPackage' '(Ljava/lang/String;)Ljava/lang/String;' in 'org/eclipse/osgi/internal/debug/Debug')}
  0x00000144c229a9a4: 48bf b0fa | 8518 4501 | 0000 48c7 | c340 0100 | 0075 0748 | c7c3 3001 | 0000 488b | 041f 488d 
  0x00000144c229a9c4: 4001 4889 | 041f 0f85 | 0d00 0000 | 4889 b424 | b800 0000 | e9f5 0000 | 0041 8b78 | 2048 3b07 
  0x00000144c229a9e4: ;   {metadata(method data for {method} {0x00000145184e54e8} 'loaderWithPackage' '(Ljava/lang/String;)Ljava/lang/String;' in 'org/eclipse/osgi/internal/debug/Debug')}
  0x00000144c229a9e4: 4c8b c748 | bbb0 fa85 | 1845 0100 | 0045 8b40 | 0849 ba00 | 0000 d644 | 0100 004d | 03c2 4c3b 
  0x00000144c229aa04: 8360 0100 | 0075 0d48 | 8383 6801 | 0000 01e9 | 6000 0000 | 4c3b 8370 | 0100 0075 | 0d48 8383 
  0x00000144c229aa24: 7801 0000 | 01e9 4a00 | 0000 4883 | bb60 0100 | 0000 7517 | 4c89 8360 | 0100 0048 | c783 6801 
  0x00000144c229aa44: 0000 0100 | 0000 e929 | 0000 0048 | 83bb 7001 | 0000 0075 | 174c 8983 | 7001 0000 | 48c7 8378 
  0x00000144c229aa64: 0100 0001 | 0000 00e9 | 0800 0000 | 4883 8350 | 0100 0001 | 4c8b c648 | 8bd7 4889 | b424 b800 
  0x00000144c229aa84: 0000 0f1f | 8000 0000 | 0048 b858 | 711c d644 

  0x00000144c229aa94: ;   {virtual_call}
  0x00000144c229aa94: 0100 00e8 

  0x00000144c229aa98: ; ImmutableOopMap {[160]=Oop [168]=Oop [184]=Oop }
                      ;*invokeinterface contains {reexecute=0 rethrow=0 return_oop=0}
                      ; - org.eclipse.osgi.internal.debug.Debug::loaderWithPackage@22 (line 275)
                      ; - org.eclipse.osgi.internal.loader.BundleLoader::findClass0@41 (line 474)
  0x00000144c229aa98: a4b1 ffff 

  0x00000144c229aa9c: ;   {other}
  0x00000144c229aa9c: 0f1f 8400 | 0c0e 0003 

  0x00000144c229aaa4: ;   {metadata(method data for {method} {0x00000145184e54e8} 'loaderWithPackage' '(Ljava/lang/String;)Ljava/lang/String;' in 'org/eclipse/osgi/internal/debug/Debug')}
  0x00000144c229aaa4: 85c0 48ba | b0fa 8518 | 4501 0000 | 48c7 c698 | 0100 0075 | 0748 c7c6 | 8801 0000 | 488b 3c32 
  0x00000144c229aac4: 488d 7f01 | 4889 3c32 | 0f85 0f00 

  0x00000144c229aad0: ;   {oop(nullptr)}
  0x00000144c229aad0: 0000 48bb | 0000 0000 | 0000 0000 | e90a 0000 

  0x00000144c229aae0: ;   {oop("org.eclipse.osgi/debug/loader/packages"{0x00000000d71bd3b0})}
  0x00000144c229aae0: 0048 bbb0 | d31b d700 | 0000 0048 

  0x00000144c229aaec: ;   {metadata(method data for {method} {0x000001451858c840} 'findClass0' '(Ljava/lang/String;ZZ)Ljava/lang/Class;' in 'org/eclipse/osgi/internal/loader/BundleLoader')}
  0x00000144c229aaec: 85db 48ba | 60ed 8518 | 4501 0000 | 48c7 c628 | 0200 0074 | 0748 c7c6 | 3802 0000 | 488b 3c32 
  0x00000144c229ab0c: 488d 7f01 | 4889 3c32 | 4889 9c24 | d000 0000 | 0f84 f208 | 0000 488b | 9424 a800 | 0000 448b 
  0x00000144c229ab2c: 4a18 4c89 | 8c24 c800 

  0x00000144c229ab34: ;   {metadata('java/lang/StringBuilder')}
  0x00000144c229ab34: 0000 48ba | 4080 00d6 | 4401 0000 | 498b 87b8 | 0100 0048 | 8d78 1849 | 3bbf c801 | 0000 0f87 
  0x00000144c229ab54: 8a38 0000 | 4989 bfb8 | 0100 0048 | c700 0100 | 0000 488b | ca49 ba00 | 0000 d644 | 0100 0049 
  0x00000144c229ab74: 2bca 8948 | 0848 33c9 | 8948 0c48 | 33c9 4889 | 4810 4889 | 8424 c000 | 0000 4c8b 

  0x00000144c229ab90: ;   {metadata(method data for {method} {0x000001451858c840} 'findClass0' '(Ljava/lang/String;ZZ)Ljava/lang/Class;' in 'org/eclipse/osgi/internal/loader/BundleLoader')}
  0x00000144c229ab90: c048 ba60 | ed85 1845 | 0100 0048 | 8382 4802 

  0x00000144c229aba0: ;   {metadata(method data for {method} {0x00000144d6461898} '<init>' '(Ljava/lang/String;)V' in 'java/lang/StringBuilder')}
  0x00000144c229aba0: 0000 0149 | b820 7930 | 1845 0100 | 0041 8b90 | cc00 0000 | 83c2 0241 | 8990 cc00 | 0000 81e2 
  0x00000144c229abc0: feff 1f00 | 85d2 0f84 | 2338 0000 

  0x00000144c229abcc: ;   {metadata(method data for {method} {0x00000144d6461898} '<init>' '(Ljava/lang/String;)V' in 'java/lang/StringBuilder')}
  0x00000144c229abcc: 4c8b c048 | ba20 7930 | 1845 0100 | 0048 8382 | 1001 0000 

  0x00000144c229abe0: ;   {oop("BundleLoader["{0x00000000802ad5c8})}
  0x00000144c229abe0: 0149 b8c8 | d52a 8000 | 0000 0048 

  0x00000144c229abec: ;   {optimized virtual_call}
  0x00000144c229abec: 8bd0 90e8 

  0x00000144c229abf0: ; ImmutableOopMap {[160]=Oop [168]=Oop [184]=Oop [192]=Oop [200]=Oop [208]=Oop }
                      ;*invokespecial <init> {reexecute=0 rethrow=0 return_oop=0}
                      ; - java.lang.StringBuilder::<init>@2
                      ; - org.eclipse.osgi.internal.loader.BundleLoader::findClass0@64 (line 476)
  0x00000144c229abf0: 8c3b 0f07 

  0x00000144c229abf4: ;   {other}
  0x00000144c229abf4: 0f1f 8400 | 640f 0004 | 488b 8424 | c000 0000 

  0x00000144c229ac04: ;   {metadata(method data for {method} {0x000001451858c840} 'findClass0' '(Ljava/lang/String;ZZ)Ljava/lang/Class;' in 'org/eclipse/osgi/internal/loader/BundleLoader')}
  0x00000144c229ac04: 48ba 60ed | 8518 4501 | 0000 4883 | 8258 0200 

  0x00000144c229ac14: ;   {metadata(method data for {method} {0x00000144d6461630} 'append' '(Ljava/lang/Object;)Ljava/lang/StringBuilder;' in 'java/lang/StringBuilder')}
  0x00000144c229ac14: 0001 48ba | d81d 0f18 | 4501 0000 | 8bb2 cc00 | 0000 83c6 | 0289 b2cc | 0000 0081 | e6fe ff1f 
  0x00000144c229ac34: 0085 f60f | 84d3 3700 

  0x00000144c229ac3c: ;   {metadata(method data for {method} {0x00000144d6461630} 'append' '(Ljava/lang/Object;)Ljava/lang/StringBuilder;' in 'java/lang/StringBuilder')}
  0x00000144c229ac3c: 0048 bad8 | 1d0f 1845 | 0100 0048 | 8382 1001 

  0x00000144c229ac4c: ;   {metadata(method data for {method} {0x00000144d6454d70} 'valueOf' '(Ljava/lang/Object;)Ljava/lang/String;' in 'java/lang/String')}
  0x00000144c229ac4c: 0000 0148 | ba78 1f0f | 1845 0100 | 008b b2cc | 0000 0083 | c602 89b2 | cc00 0000 | 81e6 feff 
  0x00000144c229ac6c: 1f00 85f6 | 0f84 bb37 

  0x00000144c229ac74: ;   {metadata(method data for {method} {0x00000144d6454d70} 'valueOf' '(Ljava/lang/Object;)Ljava/lang/String;' in 'java/lang/String')}
  0x00000144c229ac74: 0000 48ba | 781f 0f18 | 4501 0000 | ff82 1001 | 0000 488b | 9424 a800 

  0x00000144c229ac8c: ;   {metadata(method data for {method} {0x00000144d6454d70} 'valueOf' '(Ljava/lang/Object;)Ljava/lang/String;' in 'java/lang/String')}
  0x00000144c229ac8c: 0000 48be | 781f 0f18 | 4501 0000 | 8b52 0849 | ba00 0000 | d644 0100 | 0049 03d2 | 483b 9658 
  0x00000144c229acac: 0100 0075 | 0d48 8386 | 6001 0000 | 01e9 6000 | 0000 483b | 9668 0100 | 0075 0d48 | 8386 7001 
  0x00000144c229accc: 0000 01e9 | 4a00 0000 | 4883 be58 | 0100 0000 | 7517 4889 | 9658 0100 | 0048 c786 | 6001 0000 
  0x00000144c229acec: 0100 0000 | e929 0000 | 0048 83be | 6801 0000 | 0075 1748 | 8996 6801 | 0000 48c7 | 8670 0100 
  0x00000144c229ad0c: 0001 0000 | 00e9 0800 | 0000 4883 | 8648 0100 | 0001 488b | 9424 a800 

  0x00000144c229ad24: ;   {optimized virtual_call}
  0x00000144c229ad24: 0000 90e8 

  0x00000144c229ad28: ; ImmutableOopMap {[160]=Oop [168]=Oop [184]=Oop [192]=Oop [200]=Oop [208]=Oop }
                      ;*invokevirtual toString {reexecute=0 rethrow=0 return_oop=0}
                      ; - java.lang.String::valueOf@11
                      ; - java.lang.StringBuilder::append@2
                      ; - org.eclipse.osgi.internal.loader.BundleLoader::findClass0@68 (line 476)
  0x00000144c229ad28: 543a 0f07 

  0x00000144c229ad2c: ;   {other}
  0x00000144c229ad2c: 0f1f 8400 | 9c10 0005 | 4c8b 8424 | c000 0000 

  0x00000144c229ad3c: ;   {metadata(method data for {method} {0x00000144d6461630} 'append' '(Ljava/lang/Object;)Ljava/lang/StringBuilder;' in 'java/lang/StringBuilder')}
  0x00000144c229ad3c: 48ba d81d | 0f18 4501 | 0000 4883 | 8220 0100 

  0x00000144c229ad4c: ;   {metadata(method data for {method} {0x00000144d64615d8} 'append' '(Ljava/lang/String;)Ljava/lang/StringBuilder;' in 'java/lang/StringBuilder')}
  0x00000144c229ad4c: 0001 49b8 | b0b3 0018 | 4501 0000 | 418b 90cc | 0000 0083 | c202 4189 | 90cc 0000 | 0081 e2fe 
  0x00000144c229ad6c: ff1f 0085 | d20f 84db | 3600 004c | 8b84 24c0 

  0x00000144c229ad7c: ;   {metadata(method data for {method} {0x00000144d64615d8} 'append' '(Ljava/lang/String;)Ljava/lang/StringBuilder;' in 'java/lang/StringBuilder')}
  0x00000144c229ad7c: 0000 0048 | bab0 b300 | 1845 0100 | 0048 8382 | 1001 0000 | 014c 8bc0 | 488b 9424 | c000 0000 
  0x00000144c229ad9c: ;   {optimized virtual_call}
  0x00000144c229ad9c: 6666 90e8 

  0x00000144c229ada0: ; ImmutableOopMap {[160]=Oop [168]=Oop [184]=Oop [192]=Oop [200]=Oop [208]=Oop }
                      ;*invokespecial append {reexecute=0 rethrow=0 return_oop=0}
                      ; - java.lang.StringBuilder::append@2
                      ; - java.lang.StringBuilder::append@5
                      ; - org.eclipse.osgi.internal.loader.BundleLoader::findClass0@68 (line 476)
  0x00000144c229ada0: dc39 0f07 

  0x00000144c229ada4: ;   {other}
  0x00000144c229ada4: 0f1f 8400 | 1411 0006 | 488b 8424 | c000 0000 

  0x00000144c229adb4: ;   {metadata(method data for {method} {0x000001451858c840} 'findClass0' '(Ljava/lang/String;ZZ)Ljava/lang/Class;' in 'org/eclipse/osgi/internal/loader/BundleLoader')}
  0x00000144c229adb4: 4c8b c048 | ba60 ed85 | 1845 0100 | 0048 8382 | 9002 0000 

  0x00000144c229adc8: ;   {metadata(method data for {method} {0x00000144d64615d8} 'append' '(Ljava/lang/String;)Ljava/lang/StringBuilder;' in 'java/lang/StringBuilder')}
  0x00000144c229adc8: 0149 b8b0 | b300 1845 | 0100 0041 | 8b90 cc00 | 0000 83c2 | 0241 8990 | cc00 0000 | 81e2 feff 
  0x00000144c229ade8: 1f00 85d2 | 0f84 8136 | 0000 4c8b 

  0x00000144c229adf4: ;   {metadata(method data for {method} {0x00000144d64615d8} 'append' '(Ljava/lang/String;)Ljava/lang/StringBuilder;' in 'java/lang/StringBuilder')}
  0x00000144c229adf4: c048 bab0 | b300 1845 | 0100 0048 | 8382 1001 

  0x00000144c229ae04: ;   {oop("].findClass("{0x00000000d57a8718})}
  0x00000144c229ae04: 0000 0149 | b818 877a | d500 0000 | 0048 8bd0 

  0x00000144c229ae14: ;   {optimized virtual_call}
  0x00000144c229ae14: 6666 90e8 

  0x00000144c229ae18: ; ImmutableOopMap {[160]=Oop [168]=Oop [184]=Oop [192]=Oop [200]=Oop [208]=Oop }
                      ;*invokespecial append {reexecute=0 rethrow=0 return_oop=0}
                      ; - java.lang.StringBuilder::append@2
                      ; - org.eclipse.osgi.internal.loader.BundleLoader::findClass0@74 (line 476)
  0x00000144c229ae18: 6439 0f07 

  0x00000144c229ae1c: ;   {other}
  0x00000144c229ae1c: 0f1f 8400 | 8c11 0007 | 488b 8424 | c000 0000 

  0x00000144c229ae2c: ;   {metadata(method data for {method} {0x000001451858c840} 'findClass0' '(Ljava/lang/String;ZZ)Ljava/lang/Class;' in 'org/eclipse/osgi/internal/loader/BundleLoader')}
  0x00000144c229ae2c: 49b8 60ed | 8518 4501 | 0000 4983 | 80c8 0200 

  0x00000144c229ae3c: ;   {metadata(method data for {method} {0x00000144d64615d8} 'append' '(Ljava/lang/String;)Ljava/lang/StringBuilder;' in 'java/lang/StringBuilder')}
  0x00000144c229ae3c: 0001 49b8 | b0b3 0018 | 4501 0000 | 418b 90cc | 0000 0083 | c202 4189 | 90cc 0000 | 0081 e2fe 
  0x00000144c229ae5c: ff1f 0085 | d20f 842d | 3600 0048 | 8b84 24c0 

  0x00000144c229ae6c: ;   {metadata(method data for {method} {0x00000144d64615d8} 'append' '(Ljava/lang/String;)Ljava/lang/StringBuilder;' in 'java/lang/StringBuilder')}
  0x00000144c229ae6c: 0000 0049 | b8b0 b300 | 1845 0100 | 0049 8380 | 1001 0000 | 014c 8b84 | 24a0 0000 | 0048 8b94 
  0x00000144c229ae8c: 24c0 0000 | 0066 0f1f 

  0x00000144c229ae94: ;   {optimized virtual_call}
  0x00000144c229ae94: 4400 00e8 

  0x00000144c229ae98: ; ImmutableOopMap {[160]=Oop [168]=Oop [184]=Oop [192]=Oop [200]=Oop [208]=Oop }
                      ;*invokespecial append {reexecute=0 rethrow=0 return_oop=0}
                      ; - java.lang.StringBuilder::append@2
                      ; - org.eclipse.osgi.internal.loader.BundleLoader::findClass0@78 (line 476)
  0x00000144c229ae98: e438 0f07 

  0x00000144c229ae9c: ;   {other}
  0x00000144c229ae9c: 0f1f 8400 | 0c12 0008 | 488b 8424 | c000 0000 

  0x00000144c229aeac: ;   {metadata(method data for {method} {0x000001451858c840} 'findClass0' '(Ljava/lang/String;ZZ)Ljava/lang/Class;' in 'org/eclipse/osgi/internal/loader/BundleLoader')}
  0x00000144c229aeac: 49b8 60ed | 8518 4501 | 0000 4983 | 8000 0300 

  0x00000144c229aebc: ;   {metadata(method data for {method} {0x00000144d64615d8} 'append' '(Ljava/lang/String;)Ljava/lang/StringBuilder;' in 'java/lang/StringBuilder')}
  0x00000144c229aebc: 0001 49b8 | b0b3 0018 | 4501 0000 | 418b 90cc | 0000 0083 | c202 4189 | 90cc 0000 | 0081 e2fe 
  0x00000144c229aedc: ff1f 0085 | d20f 84ce | 3500 0048 | 8b84 24c0 

  0x00000144c229aeec: ;   {metadata(method data for {method} {0x00000144d64615d8} 'append' '(Ljava/lang/String;)Ljava/lang/StringBuilder;' in 'java/lang/StringBuilder')}
  0x00000144c229aeec: 0000 0049 | b8b0 b300 | 1845 0100 | 0049 8380 | 1001 0000 

  0x00000144c229af00: ;   {oop(")"{0x0000000080000630})}
  0x00000144c229af00: 0149 b830 | 0600 8000 | 0000 0048 | 8b94 24c0 | 0000 000f 

  0x00000144c229af14: ;   {optimized virtual_call}
  0x00000144c229af14: 1f40 00e8 

  0x00000144c229af18: ; ImmutableOopMap {[160]=Oop [168]=Oop [184]=Oop [192]=Oop [200]=Oop [208]=Oop }
                      ;*invokespecial append {reexecute=0 rethrow=0 return_oop=0}
                      ; - java.lang.StringBuilder::append@2
                      ; - org.eclipse.osgi.internal.loader.BundleLoader::findClass0@84 (line 476)
  0x00000144c229af18: 6438 0f07 

  0x00000144c229af1c: ;   {other}
  0x00000144c229af1c: 0f1f 8400 | 8c12 0009 | 488b 8424 | c000 0000 

  0x00000144c229af2c: ;   {metadata(method data for {method} {0x000001451858c840} 'findClass0' '(Ljava/lang/String;ZZ)Ljava/lang/Class;' in 'org/eclipse/osgi/internal/loader/BundleLoader')}
  0x00000144c229af2c: 48ba 60ed | 8518 4501 | 0000 4883 | 8238 0300 

  0x00000144c229af3c: ;   {metadata(method data for {method} {0x00000144d6008958} 'toString' '()Ljava/lang/String;' in 'java/lang/StringBuilder')}
  0x00000144c229af3c: 0001 48ba | 68bb 0018 | 4501 0000 | 8bb2 cc00 | 0000 83c6 | 0289 b2cc | 0000 0081 | e6fe ff1f 
  0x00000144c229af5c: 0085 f60f | 8471 3500 

  0x00000144c229af64: ;   {metadata('java/lang/String')}
  0x00000144c229af64: 0048 ba78 | e800 d644 | 0100 0049 | 8b87 b801 | 0000 488d | 7818 493b | bfc8 0100 | 000f 8770 
  0x00000144c229af84: 3500 0049 | 89bf b801 | 0000 48c7 | 0001 0000 | 0048 8bca | 49ba 0000 | 00d6 4401 | 0000 492b 
  0x00000144c229afa4: ca89 4808 | 4833 c989 | 480c 4833 | c948 8948 | 104c 8bc0 

  0x00000144c229afb8: ;   {metadata(method data for {method} {0x00000144d6008958} 'toString' '()Ljava/lang/String;' in 'java/lang/StringBuilder')}
  0x00000144c229afb8: 49b9 68bb | 0018 4501 | 0000 4983 | 8110 0100 

  0x00000144c229afc8: ;   {metadata(method data for {method} {0x00000144d64558c8} '<init>' '(Ljava/lang/StringBuilder;)V' in 'java/lang/String')}
  0x00000144c229afc8: 0001 49b8 | 10bd 0018 | 4501 0000 | 458b 88cc | 0000 0041 | 83c1 0245 | 8988 cc00 | 0000 4181 
  0x00000144c229afe8: e1fe ff1f | 0045 85c9 | 0f84 0e35 | 0000 4c8b 

  0x00000144c229aff8: ;   {metadata(method data for {method} {0x00000144d64558c8} '<init>' '(Ljava/lang/StringBuilder;)V' in 'java/lang/String')}
  0x00000144c229aff8: c049 b910 | bd00 1845 | 0100 0049 | 8381 1001 | 0000 014c | 8b84 24c0 

  0x00000144c229b010: ;   {oop(nullptr)}
  0x00000144c229b010: 0000 0049 | b900 0000 | 0000 0000 | 0048 8bd0 | 4889 8424 | d800 0000 | 0f1f 8000 

  0x00000144c229b02c: ;   {optimized virtual_call}
  0x00000144c229b02c: 0000 00e8 

  0x00000144c229b030: ; ImmutableOopMap {[160]=Oop [168]=Oop [184]=Oop [200]=Oop [208]=Oop [216]=Oop }
                      ;*invokespecial <init> {reexecute=0 rethrow=0 return_oop=0}
                      ; - java.lang.String::<init>@3
                      ; - java.lang.StringBuilder::toString@5
                      ; - org.eclipse.osgi.internal.loader.BundleLoader::findClass0@87 (line 476)
  0x00000144c229b030: 4c37 0f07 

  0x00000144c229b034: ;   {other}
  0x00000144c229b034: 0f1f 8400 | a413 000a | 4c8b 8c24 | c800 0000 

  0x00000144c229b044: ; implicit exception: dispatches to 0x00000144c229e525
  0x00000144c229b044: 493b 014d 

  0x00000144c229b048: ;   {metadata(method data for {method} {0x000001451858c840} 'findClass0' '(Ljava/lang/String;ZZ)Ljava/lang/Class;' in 'org/eclipse/osgi/internal/loader/BundleLoader')}
  0x00000144c229b048: 8bc1 48ba | 60ed 8518 | 4501 0000 

  0x00000144c229b054: ;   {metadata('org/eclipse/osgi/internal/debug/Debug')}
  0x00000144c229b054: 49ba 8009 | 09d7 4401 | 0000 4c89 | 9280 0300 | 0048 8382 | 8803 0000 

  0x00000144c229b06c: ;   {metadata(method data for {method} {0x00000145184e5400} 'trace' '(Ljava/lang/String;Ljava/lang/String;)V' in 'org/eclipse/osgi/internal/debug/Debug')}
  0x00000144c229b06c: 0149 b868 | 7d83 1845 | 0100 0041 | 8b90 cc00 | 0000 83c2 | 0241 8990 | cc00 0000 | 81e2 feff 
  0x00000144c229b08c: 1f00 85d2 | 0f84 9434 | 0000 418b | 5124 4885 

  0x00000144c229b09c: ;   {metadata(method data for {method} {0x00000145184e5400} 'trace' '(Ljava/lang/String;Ljava/lang/String;)V' in 'org/eclipse/osgi/internal/debug/Debug')}
  0x00000144c229b09c: d249 b868 | 7d83 1845 | 0100 0049 | c7c1 1001 | 0000 7407 | 49c7 c120 | 0100 004b | 8b34 0848 
  0x00000144c229b0bc: 8d76 014b | 8934 080f | 84f9 0200 | 0048 85d2 | 0f84 2900 

  0x00000144c229b0d0: ;   {metadata('org/eclipse/osgi/internal/log/ExtendedLogServiceImpl')}
  0x00000144c229b0d0: 0000 48bf | 4056 09d7 | 4401 0000 | 8b72 0849 | ba00 0000 | d644 0100 | 0049 03f2 | 483b 7e38 
  0x00000144c229b0f0: 0f85 5534 | 0000 e900 | 0000 004c | 8bc2 483b | 024c 8bc2 

  0x00000144c229b104: ;   {metadata(method data for {method} {0x00000145184e5400} 'trace' '(Ljava/lang/String;Ljava/lang/String;)V' in 'org/eclipse/osgi/internal/debug/Debug')}
  0x00000144c229b104: 49b9 687d | 8318 4501 

  0x00000144c229b10c: ;   {metadata('org/eclipse/osgi/internal/log/ExtendedLogServiceImpl')}
  0x00000144c229b10c: 0000 49ba | 4056 09d7 | 4401 0000 | 4d89 9140 | 0100 0049 | 8381 4801 

  0x00000144c229b124: ;   {metadata(method data for {method} {0x000001451850ca90} 'getLogger' '(Ljava/lang/String;)Lorg/osgi/service/log/Logger;' in 'org/eclipse/osgi/internal/log/ExtendedLogServiceImpl')}
  0x00000144c229b124: 0000 0149 | b800 a083 | 1845 0100 | 0045 8b88 | cc00 0000 | 4183 c102 | 4589 88cc | 0000 0041 
  0x00000144c229b144: 81e1 feff | 1f00 4585 | c90f 8402 | 3400 004c 

  0x00000144c229b154: ;   {metadata(method data for {method} {0x000001451850ca90} 'getLogger' '(Ljava/lang/String;)Lorg/osgi/service/log/Logger;' in 'org/eclipse/osgi/internal/log/ExtendedLogServiceImpl')}
  0x00000144c229b154: 8bc2 49b9 | 00a0 8318 | 4501 0000 

  0x00000144c229b160: ;   {metadata('org/eclipse/osgi/internal/log/ExtendedLogServiceImpl')}
  0x00000144c229b160: 49ba 4056 | 09d7 4401 | 0000 4d89 | 9120 0100 | 0049 8381 | 2801 0000 

  0x00000144c229b178: ;   {metadata(method data for {method} {0x000001451850a318} 'getLogger' '(Ljava/lang/String;)Lorg/eclipse/equinox/log/Logger;' in 'org/eclipse/osgi/internal/log/ExtendedLogServiceImpl')}
  0x00000144c229b178: 0149 b890 | a183 1845 | 0100 0045 | 8b88 cc00 | 0000 4183 | c102 4589 | 88cc 0000 | 0041 81e1 
  0x00000144c229b198: feff 1f00 | 4585 c90f | 84d1 3300 | 004c 8bc2 

  0x00000144c229b1a8: ;   {metadata(method data for {method} {0x000001451850a318} 'getLogger' '(Ljava/lang/String;)Lorg/eclipse/equinox/log/Logger;' in 'org/eclipse/osgi/internal/log/ExtendedLogServiceImpl')}
  0x00000144c229b1a8: 49b9 90a1 | 8318 4501 

  0x00000144c229b1b0: ;   {metadata('org/eclipse/osgi/internal/log/ExtendedLogServiceImpl')}
  0x00000144c229b1b0: 0000 49ba | 4056 09d7 | 4401 0000 | 4d89 9120 | 0100 0049 | 8381 2801 | 0000 014c | 8b84 24d0 
  0x00000144c229b1d0: ;   {oop(a 'java/lang/Class'{0x00000000d71ba760} = 'org/osgi/service/log/Logger')}
  0x00000144c229b1d0: 0000 0049 | b960 a71b | d700 0000 

  0x00000144c229b1dc: ;   {optimized virtual_call}
  0x00000144c229b1dc: 0066 90e8 

  0x00000144c229b1e0: ; ImmutableOopMap {[160]=Oop [168]=Oop [184]=Oop [208]=Oop [216]=Oop }
                      ;*invokevirtual getLogger {reexecute=0 rethrow=0 return_oop=0}
                      ; - org.eclipse.osgi.internal.log.ExtendedLogServiceImpl::getLogger@4 (line 73)
                      ; - org.eclipse.osgi.internal.log.ExtendedLogServiceImpl::getLogger@2 (line 1)
                      ; - org.eclipse.osgi.internal.debug.Debug::trace@11 (line 265)
                      ; - org.eclipse.osgi.internal.loader.BundleLoader::findClass0@90 (line 476)
  0x00000144c229b1e0: 9c35 0f07 

  0x00000144c229b1e4: ;   {other}
  0x00000144c229b1e4: 0f1f 8400 | 5415 000b | 4885 c075 

  0x00000144c229b1f0: ;   {metadata(method data for {method} {0x000001451850a318} 'getLogger' '(Ljava/lang/String;)Lorg/eclipse/equinox/log/Logger;' in 'org/eclipse/osgi/internal/log/ExtendedLogServiceImpl')}
  0x00000144c229b1f0: 1648 be90 | a183 1845 | 0100 0080 | 8e41 0100 | 0001 e9e7 

  0x00000144c229b204: ;   {metadata('org/eclipse/equinox/log/Logger')}
  0x00000144c229b204: 0000 0048 | bff8 2909 | d744 0100 | 008b 7008 | 49ba 0000 | 00d6 4401 | 0000 4903 | f248 3b7e 
  0x00000144c229b224: 200f 841a | 0000 0048 | 3bf7 0f84 | 1100 0000 

  0x00000144c229b234: ;   {runtime_call slow_subtype_check Runtime1 stub}
  0x00000144c229b234: 5657 e845 | 531a 075e | 5e85 f60f | 848d 0000 

  0x00000144c229b244: ;   {metadata(method data for {method} {0x000001451850a318} 'getLogger' '(Ljava/lang/String;)Lorg/eclipse/equinox/log/Logger;' in 'org/eclipse/osgi/internal/log/ExtendedLogServiceImpl')}
  0x00000144c229b244: 0048 be90 | a183 1845 | 0100 008b | 7808 49ba | 0000 00d6 | 4401 0000 | 4903 fa48 | 3bbe 5801 
  0x00000144c229b264: 0000 750d | 4883 8660 | 0100 0001 | e979 0000 | 0048 3bbe | 6801 0000 | 750d 4883 | 8670 0100 
  0x00000144c229b284: 0001 e963 | 0000 0048 | 83be 5801 | 0000 0075 | 1748 89be | 5801 0000 | 48c7 8660 | 0100 0001 
  0x00000144c229b2a4: 0000 00e9 | 4200 0000 | 4883 be68 | 0100 0000 | 7517 4889 | be68 0100 | 0048 c786 | 7001 0000 
  0x00000144c229b2c4: 0100 0000 | e921 0000 | 00e9 1c00 

  0x00000144c229b2d0: ;   {metadata(method data for {method} {0x000001451850a318} 'getLogger' '(Ljava/lang/String;)Lorg/eclipse/equinox/log/Logger;' in 'org/eclipse/osgi/internal/log/ExtendedLogServiceImpl')}
  0x00000144c229b2d0: 0000 48be | 90a1 8318 | 4501 0000 | 4883 ae48 | 0100 0001 | e9ae 3200 | 00e9 0000 | 0000 488b 
  0x00000144c229b2f0: d048 3b02 

  0x00000144c229b2f4: ;   {metadata(method data for {method} {0x00000145184e5400} 'trace' '(Ljava/lang/String;Ljava/lang/String;)V' in 'org/eclipse/osgi/internal/debug/Debug')}
  0x00000144c229b2f4: 4c8b c248 | be68 7d83 | 1845 0100 | 0045 8b40 | 0849 ba00 | 0000 d644 | 0100 004d | 03c2 4c3b 
  0x00000144c229b314: 8678 0100 | 0075 0d48 | 8386 8001 | 0000 01e9 | 6000 0000 | 4c3b 8688 | 0100 0075 | 0d48 8386 
  0x00000144c229b334: 9001 0000 | 01e9 4a00 | 0000 4883 | be78 0100 | 0000 7517 | 4c89 8678 | 0100 0048 | c786 8001 
  0x00000144c229b354: 0000 0100 | 0000 e929 | 0000 0048 | 83be 8801 | 0000 0075 | 174c 8986 | 8801 0000 | 48c7 8690 
  0x00000144c229b374: 0100 0001 | 0000 00e9 | 0800 0000 | 4883 8668 | 0100 0001 | 4c8b 8424 | d800 0000 | 0f1f 4400 
  0x00000144c229b394: 0048 b8ff | ffff ffff 

  0x00000144c229b39c: ;   {virtual_call}
  0x00000144c229b39c: ffff ffe8 

  0x00000144c229b3a0: ; ImmutableOopMap {[160]=Oop [168]=Oop [184]=Oop [208]=Oop }
                      ;*invokeinterface debug {reexecute=0 rethrow=0 return_oop=0}
                      ; - org.eclipse.osgi.internal.debug.Debug::trace@17 (line 265)
                      ; - org.eclipse.osgi.internal.loader.BundleLoader::findClass0@90 (line 476)
  0x00000144c229b3a0: dc36 0f07 

  0x00000144c229b3a4: ;   {other}
  0x00000144c229b3a4: 0f1f 8400 | 1417 000c 

  0x00000144c229b3ac: ;   {metadata(method data for {method} {0x00000145184e5400} 'trace' '(Ljava/lang/String;Ljava/lang/String;)V' in 'org/eclipse/osgi/internal/debug/Debug')}
  0x00000144c229b3ac: 49b8 687d | 8318 4501 | 0000 41ff | 80a0 0100 | 00e9 5200 | 0000 488b | 8424 d800 

  0x00000144c229b3c8: ;   {oop(a 'java/lang/Class'{0x00000000d71bb8f0} = 'org/eclipse/osgi/internal/debug/Debug')}
  0x00000144c229b3c8: 0000 49b8 | f0b8 1bd7 | 0000 0000 | 418b 90d0 | 0000 0048 | 3b02 4c8b 

  0x00000144c229b3e0: ;   {metadata(method data for {method} {0x00000145184e5400} 'trace' '(Ljava/lang/String;Ljava/lang/String;)V' in 'org/eclipse/osgi/internal/debug/Debug')}
  0x00000144c229b3e0: c248 be68 | 7d83 1845 

  0x00000144c229b3e8: ;   {metadata('java/io/PrintStream')}
  0x00000144c229b3e8: 0100 0049 | bac8 a300 | d644 0100 | 004c 8996 | c801 0000 | 4883 86d0 | 0100 0001 

  0x00000144c229b404: ;   {optimized virtual_call}
  0x00000144c229b404: 4c8b c0e8 

  0x00000144c229b408: ; ImmutableOopMap {[160]=Oop [168]=Oop [184]=Oop [208]=Oop }
                      ;*invokevirtual println {reexecute=0 rethrow=0 return_oop=0}
                      ; - org.eclipse.osgi.internal.debug.Debug::trace@29 (line 267)
                      ; - org.eclipse.osgi.internal.loader.BundleLoader::findClass0@90 (line 476)
  0x00000144c229b408: 7433 0f07 

  0x00000144c229b40c: ;   {other}
  0x00000144c229b40c: 0f1f 8400 | 7c17 000d | 448b 8c24 | b000 0000 

  0x00000144c229b41c: ;   {metadata(method data for {method} {0x000001451858c840} 'findClass0' '(Ljava/lang/String;ZZ)Ljava/lang/Class;' in 'org/eclipse/osgi/internal/loader/BundleLoader')}
  0x00000144c229b41c: 4585 c949 | b860 ed85 | 1845 0100 | 0048 c7c2 | b803 0000 | 7507 48c7 | c2a8 0300 | 0049 8b34 
  0x00000144c229b43c: 1048 8d76 | 0149 8934 | 100f 850a | 0000 00be | 0000 0000 | e98d 0200 | 0048 8b94 | 24a8 0000 
  0x00000144c229b45c: 0044 8b42 | 484d 85c0 

  0x00000144c229b464: ;   {metadata(method data for {method} {0x000001451858c840} 'findClass0' '(Ljava/lang/String;ZZ)Ljava/lang/Class;' in 'org/eclipse/osgi/internal/loader/BundleLoader')}
  0x00000144c229b464: 49b8 60ed | 8518 4501 | 0000 48c7 | c6d8 0300 | 0075 0748 | c7c6 c803 | 0000 498b | 3c30 488d 
  0x00000144c229b484: 7f01 4989 | 3c30 0f85 | 0a00 0000 | be00 0000 | 00e9 4802 | 0000 8b72 | 1448 3b06 

  0x00000144c229b4a0: ;   {metadata(method data for {method} {0x000001451858c840} 'findClass0' '(Ljava/lang/String;ZZ)Ljava/lang/Class;' in 'org/eclipse/osgi/internal/loader/BundleLoader')}
  0x00000144c229b4a0: 4c8b c648 | bf60 ed85 | 1845 0100 

  0x00000144c229b4ac: ;   {metadata('org/eclipse/osgi/internal/framework/EquinoxContainer')}
  0x00000144c229b4ac: 0049 ba00 | b008 d744 | 0100 004c | 8997 f803 | 0000 4883 | 8700 0400 | 0001 4c8b | 8424 b800 
  0x00000144c229b4cc: 0000 488b | d666 0f1f 

  0x00000144c229b4d4: ;   {optimized virtual_call}
  0x00000144c229b4d4: 4400 00e8 

  0x00000144c229b4d8: ; ImmutableOopMap {[160]=Oop [168]=Oop [184]=Oop [208]=Oop }
                      ;*invokevirtual isBootDelegationPackage {reexecute=0 rethrow=0 return_oop=0}
                      ; - org.eclipse.osgi.internal.loader.BundleLoader::findClass0@113 (line 480)
  0x00000144c229b4d8: 6938 0000 

  0x00000144c229b4dc: ;   {other}
  0x00000144c229b4dc: 0f1f 8400 | 4c18 000e 

  0x00000144c229b4e4: ;   {metadata(method data for {method} {0x000001451858c840} 'findClass0' '(Ljava/lang/String;ZZ)Ljava/lang/Class;' in 'org/eclipse/osgi/internal/loader/BundleLoader')}
  0x00000144c229b4e4: 85c0 49b8 | 60ed 8518 | 4501 0000 | 49c7 c130 | 0400 0075 | 0749 c7c1 | 2004 0000 | 4b8b 1408 
  0x00000144c229b504: 488d 5201 | 4b89 1408 | 0f85 0a00 | 0000 be00 | 0000 00e9 | c601 0000 | 488b 9424 | a800 0000 
  0x00000144c229b524: 8b72 4848 | 3b06 4c8b 

  0x00000144c229b52c: ;   {metadata(method data for {method} {0x000001451858c840} 'findClass0' '(Ljava/lang/String;ZZ)Ljava/lang/Class;' in 'org/eclipse/osgi/internal/loader/BundleLoader')}
  0x00000144c229b52c: c649 b960 | ed85 1845 | 0100 0045 | 8b40 0849 | ba00 0000 | d644 0100 | 004d 03c2 | 4d3b 8150 
  0x00000144c229b54c: 0400 0075 | 0d49 8381 | 5804 0000 | 01e9 6000 | 0000 4d3b | 8160 0400 | 0075 0d49 | 8381 6804 
  0x00000144c229b56c: 0000 01e9 | 4a00 0000 | 4983 b950 | 0400 0000 | 7517 4d89 | 8150 0400 | 0049 c781 | 5804 0000 
  0x00000144c229b58c: 0100 0000 | e929 0000 | 0049 83b9 | 6004 0000 | 0075 174d | 8981 6004 | 0000 49c7 | 8168 0400 
  0x00000144c229b5ac: 0001 0000 | 00e9 0800 | 0000 4983 | 8140 0400 

  0x00000144c229b5bc: ;   {metadata(method data for {method} {0x00000144d60143f0} 'loadClass' '(Ljava/lang/String;)Ljava/lang/Class;' in 'java/lang/ClassLoader')}
  0x00000144c229b5bc: 0001 49b8 | 70a4 2a18 | 4501 0000 | 458b 88cc | 0000 0041 | 83c1 0245 | 8988 cc00 | 0000 4181 
  0x00000144c229b5dc: e1fe ff1f | 0045 85c9 | 0f84 ca2f | 0000 4c8b 

  0x00000144c229b5ec: ;   {metadata(method data for {method} {0x00000144d60143f0} 'loadClass' '(Ljava/lang/String;)Ljava/lang/Class;' in 'java/lang/ClassLoader')}
  0x00000144c229b5ec: c649 b970 | a42a 1845 | 0100 0045 | 8b40 0849 | ba00 0000 | d644 0100 | 004d 03c2 | 4d3b 8120 
  0x00000144c229b60c: 0100 0075 | 0d49 8381 | 2801 0000 | 01e9 6000 | 0000 4d3b | 8130 0100 | 0075 0d49 | 8381 3801 
  0x00000144c229b62c: 0000 01e9 | 4a00 0000 | 4983 b920 | 0100 0000 | 7517 4d89 | 8120 0100 | 0049 c781 | 2801 0000 
  0x00000144c229b64c: 0100 0000 | e929 0000 | 0049 83b9 | 3001 0000 | 0075 174d | 8981 3001 | 0000 49c7 | 8138 0100 
  0x00000144c229b66c: 0001 0000 | 00e9 0800 | 0000 4983 | 8110 0100 | 0001 4c8b | 8424 a000 | 0000 41b9 | 0000 0000 
  0x00000144c229b68c: 488b d666 | 0f1f 4400 | 0048 b8ff | ffff ffff 

  0x00000144c229b69c: ;   {virtual_call}
  0x00000144c229b69c: ffff ffe8 

  0x00000144c229b6a0: ; ImmutableOopMap {[160]=Oop [168]=Oop [184]=Oop [208]=Oop }
                      ;*invokevirtual loadClass {reexecute=0 rethrow=0 return_oop=0}
                      ; - java.lang.ClassLoader::loadClass@3
                      ; - org.eclipse.osgi.internal.loader.BundleLoader::findClass0@124 (line 484)
  0x00000144c229b6a0: dc33 0f07 

  0x00000144c229b6a4: ;   {other}
  0x00000144c229b6a4: 0f1f 8400 | 141a 000f | 4881 c470 | 0100 005d 

  0x00000144c229b6b4: ;   {poll_return}
  0x00000144c229b6b4: 493b a750 | 0400 000f | 8714 2f00 | 00c3 498b | 8700 0500 | 004d 33d2 | 4d89 9700 | 0500 004d 
  0x00000144c229b6d4: 33d2 4d89 | 9708 0500 | 00be 0100 | 0000 89b4 | 24e0 0000 | 0048 8b94 | 24a8 0000 

  0x00000144c229b6f0: ;   {metadata(method data for {method} {0x000001451858c840} 'findClass0' '(Ljava/lang/String;ZZ)Ljava/lang/Class;' in 'org/eclipse/osgi/internal/loader/BundleLoader')}
  0x00000144c229b6f0: 0049 b860 | ed85 1845 | 0100 0049 | 8380 7804 | 0000 014c | 8b84 24a0 | 0000 0041 | b901 0000 
  0x00000144c229b710: 0048 8b94 | 24a8 0000 | 0066 0f1f 

  0x00000144c229b71c: ;   {optimized virtual_call}
  0x00000144c229b71c: 4400 00e8 

  0x00000144c229b720: ; ImmutableOopMap {[160]=Oop [168]=Oop [184]=Oop [208]=Oop }
                      ;*invokespecial searchHooks {reexecute=0 rethrow=0 return_oop=0}
                      ; - org.eclipse.osgi.internal.loader.BundleLoader::findClass0@139 (line 492)
  0x00000144c229b720: fd37 0000 

  0x00000144c229b724: ;   {other}
  0x00000144c229b724: 0f1f 8400 | 941a 0010 | 4885 c075 

  0x00000144c229b730: ;   {metadata(method data for {method} {0x000001451858c840} 'findClass0' '(Ljava/lang/String;ZZ)Ljava/lang/Class;' in 'org/eclipse/osgi/internal/loader/BundleLoader')}
  0x00000144c229b730: 1648 ba60 | ed85 1845 | 0100 0080 | 8a81 0400 | 0001 e9cd 

  0x00000144c229b744: ;   {metadata('java/lang/Class')}
  0x00000144c229b744: 0000 0048 | be50 6b00 | d644 0100 | 0044 8b40 | 0849 ba00 | 0000 d644 | 0100 004d | 03c2 493b 
  0x00000144c229b764: f00f 858d 

  0x00000144c229b768: ;   {metadata(method data for {method} {0x000001451858c840} 'findClass0' '(Ljava/lang/String;ZZ)Ljava/lang/Class;' in 'org/eclipse/osgi/internal/loader/BundleLoader')}
  0x00000144c229b768: 0000 0048 | ba60 ed85 | 1845 0100 | 008b 7008 | 49ba 0000 | 00d6 4401 | 0000 4903 | f248 3bb2 
  0x00000144c229b788: 9804 0000 | 750d 4883 | 82a0 0400 | 0001 e979 | 0000 0048 | 3bb2 a804 | 0000 750d | 4883 82b0 
  0x00000144c229b7a8: 0400 0001 | e963 0000 | 0048 83ba | 9804 0000 | 0075 1748 | 89b2 9804 | 0000 48c7 | 82a0 0400 
  0x00000144c229b7c8: 0001 0000 | 00e9 4200 | 0000 4883 | baa8 0400 | 0000 7517 | 4889 b2a8 | 0400 0048 | c782 b004 
  0x00000144c229b7e8: 0000 0100 | 0000 e921 | 0000 00e9 | 1c00 0000 

  0x00000144c229b7f8: ;   {metadata(method data for {method} {0x000001451858c840} 'findClass0' '(Ljava/lang/String;ZZ)Ljava/lang/Class;' in 'org/eclipse/osgi/internal/loader/BundleLoader')}
  0x00000144c229b7f8: 48ba 60ed | 8518 4501 | 0000 4883 | aa88 0400 | 0001 e9dc | 2d00 00e9 | 0000 0000 

  0x00000144c229b814: ;   {metadata(method data for {method} {0x000001451858c840} 'findClass0' '(Ljava/lang/String;ZZ)Ljava/lang/Class;' in 'org/eclipse/osgi/internal/loader/BundleLoader')}
  0x00000144c229b814: 49b8 60ed | 8518 4501 | 0000 41ff | 80c0 0400 | 00e9 2500 | 0000 498b | 8700 0500 | 004d 33d2 
  0x00000144c229b834: 4d89 9700 | 0500 004d | 33d2 4d89 | 9708 0500 

  0x00000144c229b844: ;   {oop(nullptr)}
  0x00000144c229b844: 0048 b800 | 0000 0000 | 0000 0048 

  0x00000144c229b850: ;   {metadata(method data for {method} {0x000001451858c840} 'findClass0' '(Ljava/lang/String;ZZ)Ljava/lang/Class;' in 'org/eclipse/osgi/internal/loader/BundleLoader')}
  0x00000144c229b850: 85c0 49b8 | 60ed 8518 | 4501 0000 | 48c7 c2e8 | 0400 0075 | 0748 c7c2 | d804 0000 | 498b 3410 
  0x00000144c229b870: 488d 7601 | 4989 3410 | 0f85 7c27 | 0000 4889 | 8424 e800 | 0000 488b | 9424 a800 

  0x00000144c229b88c: ;   {metadata(method data for {method} {0x000001451858c840} 'findClass0' '(Ljava/lang/String;ZZ)Ljava/lang/Class;' in 'org/eclipse/osgi/internal/loader/BundleLoader')}
  0x00000144c229b88c: 0000 49b8 | 60ed 8518 | 4501 0000 | 4983 80f8 | 0400 0001 

  0x00000144c229b8a0: ;   {metadata(method data for {method} {0x000001451858f5e0} 'findImportedSource' '(Ljava/lang/String;Ljava/util/Collection;)Lorg/eclipse/osgi/internal/loader/sources/PackageSource;' in 'org/eclipse/osgi/internal/loader/BundleLoader')}
  0x00000144c229b8a0: 49b8 f806 | 8a18 4501 | 0000 418b | 90cc 0000 | 0083 c202 | 4189 90cc | 0000 0081 | e2fe ff1f 
  0x00000144c229b8c0: 0085 d20f | 842b 2d00 | 0048 8b94 | 24a8 0000 

  0x00000144c229b8d0: ;   {metadata(method data for {method} {0x000001451858f5e0} 'findImportedSource' '(Ljava/lang/String;Ljava/util/Collection;)Lorg/eclipse/osgi/internal/loader/sources/PackageSource;' in 'org/eclipse/osgi/internal/loader/BundleLoader')}
  0x00000144c229b8d0: 0049 b8f8 | 068a 1845 | 0100 0049 | 8380 1001 

  0x00000144c229b8e0: ;   {oop(nullptr)}
  0x00000144c229b8e0: 0000 0149 | b800 0000 | 0000 0000 | 0048 8b94 | 24a8 0000 

  0x00000144c229b8f4: ;   {optimized virtual_call}
  0x00000144c229b8f4: 0066 90e8 

  0x00000144c229b8f8: ; ImmutableOopMap {[160]=Oop [168]=Oop [184]=Oop [208]=Oop [232]=Oop }
                      ;*invokespecial getImportedSources {reexecute=0 rethrow=0 return_oop=0}
                      ; - org.eclipse.osgi.internal.loader.BundleLoader::findImportedSource@2 (line 1251)
                      ; - org.eclipse.osgi.internal.loader.BundleLoader::findClass0@164 (line 499)
  0x00000144c229b8f8: 3436 0000 

  0x00000144c229b8fc: ;   {other}
  0x00000144c229b8fc: 0f1f 8400 | 6c1c 0011 | 4c8d 8424 | 5001 0000 | 488b f049 | 8970 0848 | 8b06 4883 | c801 4989 
  0x00000144c229b91c: 00f0 4c0f | b106 0f84 | 1200 0000 | 482b c448 | 2507 f0ff | ff49 8900 | 0f85 e02c | 0000 49ff 
  0x00000144c229b93c: 8750 0500 | 0048 8bc6 

  0x00000144c229b944: ;   {metadata(method data for {method} {0x000001451858f5e0} 'findImportedSource' '(Ljava/lang/String;Ljava/util/Collection;)Lorg/eclipse/osgi/internal/loader/sources/PackageSource;' in 'org/eclipse/osgi/internal/loader/BundleLoader')}
  0x00000144c229b944: 49b8 f806 | 8a18 4501 | 0000 8b40 | 0849 ba00 | 0000 d644 | 0100 0049 | 03c2 493b | 8030 0100 
  0x00000144c229b964: 0075 0d49 | 8380 3801 | 0000 01e9 | 6000 0000 | 493b 8040 | 0100 0075 | 0d49 8380 | 4801 0000 
  0x00000144c229b984: 01e9 4a00 | 0000 4983 | b830 0100 | 0000 7517 | 4989 8030 | 0100 0049 | c780 3801 | 0000 0100 
  0x00000144c229b9a4: 0000 e929 | 0000 0049 | 83b8 4001 | 0000 0075 | 1749 8980 | 4001 0000 | 49c7 8048 | 0100 0001 
  0x00000144c229b9c4: 0000 00e9 | 0800 0000 | 4983 8020 | 0100 0001 | 4c8b 8424 | b800 0000 | 488b d648 | 89b4 24f0 
  0x00000144c229b9e4: 0000 0066 | 0f1f 4400 | 0048 b868 | a908 d644 

  0x00000144c229b9f4: ;   {virtual_call}
  0x00000144c229b9f4: 0100 00e8 

  0x00000144c229b9f8: ; ImmutableOopMap {[160]=Oop [168]=Oop [184]=Oop [208]=Oop [232]=Oop [240]=Oop [344]=Oop }
                      ;*invokeinterface get {reexecute=0 rethrow=0 return_oop=0}
                      ; - org.eclipse.osgi.internal.loader.BundleLoader::findImportedSource@13 (line 1253)
                      ; - org.eclipse.osgi.internal.loader.BundleLoader::findClass0@164 (line 499)
  0x00000144c229b9f8: 6493 6e07 

  0x00000144c229b9fc: ;   {other}
  0x00000144c229b9fc: 0f1f 8400 | 6c1d 0012 | 4885 c075 

  0x00000144c229ba08: ;   {metadata(method data for {method} {0x000001451858f5e0} 'findImportedSource' '(Ljava/lang/String;Ljava/util/Collection;)Lorg/eclipse/osgi/internal/loader/sources/PackageSource;' in 'org/eclipse/osgi/internal/loader/BundleLoader')}
  0x00000144c229ba08: 1648 baf8 | 068a 1845 | 0100 0080 | 8a51 0100 | 0001 e9cd 

  0x00000144c229ba1c: ;   {metadata('org/eclipse/osgi/internal/loader/sources/PackageSource')}
  0x00000144c229ba1c: 0000 0048 | be98 930b | d744 0100 | 008b 5008 | 49ba 0000 | 00d6 4401 | 0000 4903 | d248 3b72 
  0x00000144c229ba3c: 380f 858d 

  0x00000144c229ba40: ;   {metadata(method data for {method} {0x000001451858f5e0} 'findImportedSource' '(Ljava/lang/String;Ljava/util/Collection;)Lorg/eclipse/osgi/internal/loader/sources/PackageSource;' in 'org/eclipse/osgi/internal/loader/BundleLoader')}
  0x00000144c229ba40: 0000 0048 | baf8 068a | 1845 0100 | 008b 7008 | 49ba 0000 | 00d6 4401 | 0000 4903 | f248 3bb2 
  0x00000144c229ba60: 6801 0000 | 750d 4883 | 8270 0100 | 0001 e979 | 0000 0048 | 3bb2 7801 | 0000 750d | 4883 8280 
  0x00000144c229ba80: 0100 0001 | e963 0000 | 0048 83ba | 6801 0000 | 0075 1748 | 89b2 6801 | 0000 48c7 | 8270 0100 
  0x00000144c229baa0: 0001 0000 | 00e9 4200 | 0000 4883 | ba78 0100 | 0000 7517 | 4889 b278 | 0100 0048 | c782 8001 
  0x00000144c229bac0: 0000 0100 | 0000 e921 | 0000 00e9 | 1c00 0000 

  0x00000144c229bad0: ;   {metadata(method data for {method} {0x000001451858f5e0} 'findImportedSource' '(Ljava/lang/String;Ljava/util/Collection;)Lorg/eclipse/osgi/internal/loader/sources/PackageSource;' in 'org/eclipse/osgi/internal/loader/BundleLoader')}
  0x00000144c229bad0: 48ba f806 | 8a18 4501 | 0000 4883 | aa58 0100 | 0001 e946 | 2b00 00e9 | 0000 0000 | 488b d848 
  0x00000144c229baf0: 899c 2400 | 0100 0048 | 8d84 2450 | 0100 0048 | 8b10 4885 | d20f 840f | 0000 0048 | 8b70 08f0 
  0x00000144c229bb10: 480f b116 | 0f85 1c2b | 0000 49ff | 8f50 0500 | 0048 85db 

  0x00000144c229bb24: ;   {metadata(method data for {method} {0x000001451858c840} 'findClass0' '(Ljava/lang/String;ZZ)Ljava/lang/Class;' in 'org/eclipse/osgi/internal/loader/BundleLoader')}
  0x00000144c229bb24: 48ba 60ed | 8518 4501 | 0000 48c7 | c608 0500 | 0074 0748 | c7c6 1805 | 0000 488b | 3c32 488d 
  0x00000144c229bb44: 7f01 4889 | 3c32 0f84 | 310f 0000 | 4c8b 8c24 | d000 0000 

  0x00000144c229bb58: ;   {metadata(method data for {method} {0x000001451858c840} 'findClass0' '(Ljava/lang/String;ZZ)Ljava/lang/Class;' in 'org/eclipse/osgi/internal/loader/BundleLoader')}
  0x00000144c229bb58: 4d85 c948 | ba60 ed85 | 1845 0100 | 0048 c7c6 | 2805 0000 | 7407 48c7 | c638 0500 | 0048 8b3c 
  0x00000144c229bb78: 3248 8d7f | 0148 893c | 324c 898c | 24d0 0000 | 000f 84f5 | 0900 0048 | 8b94 24a8 | 0000 0044 
  0x00000144c229bb98: 8b5a 184c | 899c 2408 

  0x00000144c229bba0: ;   {metadata('java/lang/StringBuilder')}
  0x00000144c229bba0: 0100 0048 | ba40 8000 | d644 0100 | 0049 8b87 | b801 0000 | 488d 7818 | 493b bfc8 | 0100 000f 
  0x00000144c229bbc0: 8787 2a00 | 0049 89bf | b801 0000 | 48c7 0001 | 0000 0048 | 8bca 49ba | 0000 00d6 | 4401 0000 
  0x00000144c229bbe0: 492b ca89 | 4808 4833 | c989 480c | 4833 c948 | 8948 104c 

  0x00000144c229bbf4: ;   {metadata(method data for {method} {0x000001451858c840} 'findClass0' '(Ljava/lang/String;ZZ)Ljava/lang/Class;' in 'org/eclipse/osgi/internal/loader/BundleLoader')}
  0x00000144c229bbf4: 8bc0 48ba | 60ed 8518 | 4501 0000 | 4883 8248 | 0500 0001 

  0x00000144c229bc08: ;   {metadata(method data for {method} {0x00000144d6461898} '<init>' '(Ljava/lang/String;)V' in 'java/lang/StringBuilder')}
  0x00000144c229bc08: 49b8 2079 | 3018 4501 | 0000 418b | 90cc 0000 | 0083 c202 | 4189 90cc | 0000 0081 | e2fe ff1f 
  0x00000144c229bc28: 0085 d20f | 8428 2a00 | 004c 8bc0 

  0x00000144c229bc34: ;   {metadata(method data for {method} {0x00000144d6461898} '<init>' '(Ljava/lang/String;)V' in 'java/lang/StringBuilder')}
  0x00000144c229bc34: 48ba 2079 | 3018 4501 | 0000 4883 | 8210 0100 

  0x00000144c229bc44: ;   {oop("BundleLoader["{0x00000000802ad5c8})}
  0x00000144c229bc44: 0001 49b8 | c8d5 2a80 | 0000 0000 | 488b d048 | 8984 24f8 | 0000 000f 

  0x00000144c229bc5c: ;   {optimized virtual_call}
  0x00000144c229bc5c: 1f40 00e8 

  0x00000144c229bc60: ; ImmutableOopMap {[160]=Oop [168]=Oop [208]=Oop [248]=Oop [256]=Oop [264]=Oop }
                      ;*invokespecial <init> {reexecute=0 rethrow=0 return_oop=0}
                      ; - java.lang.StringBuilder::<init>@2
                      ; - org.eclipse.osgi.internal.loader.BundleLoader::findClass0@192 (line 502)
  0x00000144c229bc60: 1c2b 0f07 

  0x00000144c229bc64: ;   {other}
  0x00000144c229bc64: 0f1f 8400 | d41f 0013 | 488b 8424 | f800 0000 

  0x00000144c229bc74: ;   {metadata(method data for {method} {0x000001451858c840} 'findClass0' '(Ljava/lang/String;ZZ)Ljava/lang/Class;' in 'org/eclipse/osgi/internal/loader/BundleLoader')}
  0x00000144c229bc74: 48ba 60ed | 8518 4501 | 0000 4883 | 8258 0500 

  0x00000144c229bc84: ;   {metadata(method data for {method} {0x00000144d6461630} 'append' '(Ljava/lang/Object;)Ljava/lang/StringBuilder;' in 'java/lang/StringBuilder')}
  0x00000144c229bc84: 0001 48ba | d81d 0f18 | 4501 0000 | 8bb2 cc00 | 0000 83c6 | 0289 b2cc | 0000 0081 | e6fe ff1f 
  0x00000144c229bca4: 0085 f60f | 84cd 2900 

  0x00000144c229bcac: ;   {metadata(method data for {method} {0x00000144d6461630} 'append' '(Ljava/lang/Object;)Ljava/lang/StringBuilder;' in 'java/lang/StringBuilder')}
  0x00000144c229bcac: 0048 bad8 | 1d0f 1845 | 0100 0048 | 8382 1001 

  0x00000144c229bcbc: ;   {metadata(method data for {method} {0x00000144d6454d70} 'valueOf' '(Ljava/lang/Object;)Ljava/lang/String;' in 'java/lang/String')}
  0x00000144c229bcbc: 0000 0148 | ba78 1f0f | 1845 0100 | 008b b2cc | 0000 0083 | c602 89b2 | cc00 0000 | 81e6 feff 
  0x00000144c229bcdc: 1f00 85f6 | 0f84 b529 

  0x00000144c229bce4: ;   {metadata(method data for {method} {0x00000144d6454d70} 'valueOf' '(Ljava/lang/Object;)Ljava/lang/String;' in 'java/lang/String')}
  0x00000144c229bce4: 0000 48ba | 781f 0f18 | 4501 0000 | ff82 1001 | 0000 488b | 9424 a800 

  0x00000144c229bcfc: ;   {metadata(method data for {method} {0x00000144d6454d70} 'valueOf' '(Ljava/lang/Object;)Ljava/lang/String;' in 'java/lang/String')}
  0x00000144c229bcfc: 0000 48be | 781f 0f18 | 4501 0000 | 8b52 0849 | ba00 0000 | d644 0100 | 0049 03d2 | 483b 9658 
  0x00000144c229bd1c: 0100 0075 | 0d48 8386 | 6001 0000 | 01e9 6000 | 0000 483b | 9668 0100 | 0075 0d48 | 8386 7001 
  0x00000144c229bd3c: 0000 01e9 | 4a00 0000 | 4883 be58 | 0100 0000 | 7517 4889 | 9658 0100 | 0048 c786 | 6001 0000 
  0x00000144c229bd5c: 0100 0000 | e929 0000 | 0048 83be | 6801 0000 | 0075 1748 | 8996 6801 | 0000 48c7 | 8670 0100 
  0x00000144c229bd7c: 0001 0000 | 00e9 0800 | 0000 4883 | 8648 0100 | 0001 488b | 9424 a800 

  0x00000144c229bd94: ;   {optimized virtual_call}
  0x00000144c229bd94: 0000 90e8 

  0x00000144c229bd98: ; ImmutableOopMap {[160]=Oop [168]=Oop [208]=Oop [248]=Oop [256]=Oop [264]=Oop }
                      ;*invokevirtual toString {reexecute=0 rethrow=0 return_oop=0}
                      ; - java.lang.String::valueOf@11
                      ; - java.lang.StringBuilder::append@2
                      ; - org.eclipse.osgi.internal.loader.BundleLoader::findClass0@196 (line 502)
  0x00000144c229bd98: e429 0f07 

  0x00000144c229bd9c: ;   {other}
  0x00000144c229bd9c: 0f1f 8400 | 0c21 0014 | 4c8b 8424 | f800 0000 

  0x00000144c229bdac: ;   {metadata(method data for {method} {0x00000144d6461630} 'append' '(Ljava/lang/Object;)Ljava/lang/StringBuilder;' in 'java/lang/StringBuilder')}
  0x00000144c229bdac: 48ba d81d | 0f18 4501 | 0000 4883 | 8220 0100 

  0x00000144c229bdbc: ;   {metadata(method data for {method} {0x00000144d64615d8} 'append' '(Ljava/lang/String;)Ljava/lang/StringBuilder;' in 'java/lang/StringBuilder')}
  0x00000144c229bdbc: 0001 49b8 | b0b3 0018 | 4501 0000 | 418b 90cc | 0000 0083 | c202 4189 | 90cc 0000 | 0081 e2fe 
  0x00000144c229bddc: ff1f 0085 | d20f 84d5 | 2800 004c | 8b84 24f8 

  0x00000144c229bdec: ;   {metadata(method data for {method} {0x00000144d64615d8} 'append' '(Ljava/lang/String;)Ljava/lang/StringBuilder;' in 'java/lang/StringBuilder')}
  0x00000144c229bdec: 0000 0048 | bab0 b300 | 1845 0100 | 0048 8382 | 1001 0000 | 014c 8bc0 | 488b 9424 | f800 0000 
  0x00000144c229be0c: ;   {optimized virtual_call}
  0x00000144c229be0c: 6666 90e8 

  0x00000144c229be10: ; ImmutableOopMap {[160]=Oop [168]=Oop [208]=Oop [248]=Oop [256]=Oop [264]=Oop }
                      ;*invokespecial append {reexecute=0 rethrow=0 return_oop=0}
                      ; - java.lang.StringBuilder::append@2
                      ; - java.lang.StringBuilder::append@5
                      ; - org.eclipse.osgi.internal.loader.BundleLoader::findClass0@196 (line 502)
  0x00000144c229be10: 6c29 0f07 

  0x00000144c229be14: ;   {other}
  0x00000144c229be14: 0f1f 8400 | 8421 0015 | 488b 8424 | f800 0000 

  0x00000144c229be24: ;   {metadata(method data for {method} {0x000001451858c840} 'findClass0' '(Ljava/lang/String;ZZ)Ljava/lang/Class;' in 'org/eclipse/osgi/internal/loader/BundleLoader')}
  0x00000144c229be24: 49b8 60ed | 8518 4501 | 0000 4983 | 8090 0500 

  0x00000144c229be34: ;   {metadata(method data for {method} {0x00000144d64615d8} 'append' '(Ljava/lang/String;)Ljava/lang/StringBuilder;' in 'java/lang/StringBuilder')}
  0x00000144c229be34: 0001 49b8 | b0b3 0018 | 4501 0000 | 418b 90cc | 0000 0083 | c202 4189 | 90cc 0000 | 0081 e2fe 
  0x00000144c229be54: ff1f 0085 | d20f 847e | 2800 0048 | 8b84 24f8 

  0x00000144c229be64: ;   {metadata(method data for {method} {0x00000144d64615d8} 'append' '(Ljava/lang/String;)Ljava/lang/StringBuilder;' in 'java/lang/StringBuilder')}
  0x00000144c229be64: 0000 0049 | b8b0 b300 | 1845 0100 | 0049 8380 | 1001 0000 

  0x00000144c229be78: ;   {oop("] loading from import package: "{0x00000000d57a8750})}
  0x00000144c229be78: 0149 b850 | 877a d500 | 0000 0048 | 8b94 24f8 | 0000 000f 

  0x00000144c229be8c: ;   {optimized virtual_call}
  0x00000144c229be8c: 1f40 00e8 

  0x00000144c229be90: ; ImmutableOopMap {[160]=Oop [168]=Oop [208]=Oop [248]=Oop [256]=Oop [264]=Oop }
                      ;*invokespecial append {reexecute=0 rethrow=0 return_oop=0}
                      ; - java.lang.StringBuilder::append@2
                      ; - org.eclipse.osgi.internal.loader.BundleLoader::findClass0@202 (line 502)
  0x00000144c229be90: ec28 0f07 

  0x00000144c229be94: ;   {other}
  0x00000144c229be94: 0f1f 8400 | 0422 0016 | 488b 8424 | f800 0000 

  0x00000144c229bea4: ;   {metadata(method data for {method} {0x000001451858c840} 'findClass0' '(Ljava/lang/String;ZZ)Ljava/lang/Class;' in 'org/eclipse/osgi/internal/loader/BundleLoader')}
  0x00000144c229bea4: 48ba 60ed | 8518 4501 | 0000 4883 | 82c8 0500 

  0x00000144c229beb4: ;   {metadata(method data for {method} {0x00000144d6461630} 'append' '(Ljava/lang/Object;)Ljava/lang/StringBuilder;' in 'java/lang/StringBuilder')}
  0x00000144c229beb4: 0001 48ba | d81d 0f18 | 4501 0000 | 8bb2 cc00 | 0000 83c6 | 0289 b2cc | 0000 0081 | e6fe ff1f 
  0x00000144c229bed4: 0085 f60f | 8421 2800 

  0x00000144c229bedc: ;   {metadata(method data for {method} {0x00000144d6461630} 'append' '(Ljava/lang/Object;)Ljava/lang/StringBuilder;' in 'java/lang/StringBuilder')}
  0x00000144c229bedc: 0048 bad8 | 1d0f 1845 | 0100 0048 | 8382 1001 

  0x00000144c229beec: ;   {metadata(method data for {method} {0x00000144d6454d70} 'valueOf' '(Ljava/lang/Object;)Ljava/lang/String;' in 'java/lang/String')}
  0x00000144c229beec: 0000 0148 | ba78 1f0f | 1845 0100 | 008b b2cc | 0000 0083 | c602 89b2 | cc00 0000 | 81e6 feff 
  0x00000144c229bf0c: 1f00 85f6 | 0f84 0928 | 0000 488b | 9c24 0001 | 0000 4885 

  0x00000144c229bf20: ;   {metadata(method data for {method} {0x00000144d6454d70} 'valueOf' '(Ljava/lang/Object;)Ljava/lang/String;' in 'java/lang/String')}
  0x00000144c229bf20: db48 ba78 | 1f0f 1845 | 0100 0048 | c7c6 1001 | 0000 7507 | 48c7 c620 | 0100 0048 | 8b3c 3248 
  0x00000144c229bf40: 8d7f 0148 | 893c 320f | 851f 0000 

  0x00000144c229bf4c: ;   {metadata(method data for {method} {0x00000144d6454d70} 'valueOf' '(Ljava/lang/Object;)Ljava/lang/String;' in 'java/lang/String')}
  0x00000144c229bf4c: 0048 ba78 | 1f0f 1845 | 0100 00ff | 8230 0100 

  0x00000144c229bf5c: ;   {oop("null"{0x00000000800041f0})}
  0x00000144c229bf5c: 0048 bef0 | 4100 8000 | 0000 00e9 | ab00 0000 

  0x00000144c229bf6c: ; implicit exception: dispatches to 0x00000144c229e740
  0x00000144c229bf6c: 483b 0348 

  0x00000144c229bf70: ;   {metadata(method data for {method} {0x00000144d6454d70} 'valueOf' '(Ljava/lang/Object;)Ljava/lang/String;' in 'java/lang/String')}
  0x00000144c229bf70: 8bd3 48be | 781f 0f18 | 4501 0000 | 8b52 0849 | ba00 0000 | d644 0100 | 0049 03d2 | 483b 9658 
  0x00000144c229bf90: 0100 0075 | 0d48 8386 | 6001 0000 | 01e9 6000 | 0000 483b | 9668 0100 | 0075 0d48 | 8386 7001 
  0x00000144c229bfb0: 0000 01e9 | 4a00 0000 | 4883 be58 | 0100 0000 | 7517 4889 | 9658 0100 | 0048 c786 | 6001 0000 
  0x00000144c229bfd0: 0100 0000 | e929 0000 | 0048 83be | 6801 0000 | 0075 1748 | 8996 6801 | 0000 48c7 | 8670 0100 
  0x00000144c229bff0: 0001 0000 | 00e9 0800 | 0000 4883 | 8648 0100 | 0001 488b 

  0x00000144c229c004: ;   {optimized virtual_call}
  0x00000144c229c004: d366 90e8 

  0x00000144c229c008: ; ImmutableOopMap {[160]=Oop [168]=Oop [208]=Oop [248]=Oop [256]=Oop [264]=Oop }
                      ;*invokevirtual toString {reexecute=0 rethrow=0 return_oop=0}
                      ; - java.lang.String::valueOf@11
                      ; - java.lang.StringBuilder::append@2
                      ; - org.eclipse.osgi.internal.loader.BundleLoader::findClass0@207 (line 502)
  0x00000144c229c008: 7427 0f07 

  0x00000144c229c00c: ;   {other}
  0x00000144c229c00c: 0f1f 8400 | 7c23 0017 | 488b f048 | 8b84 24f8 

  0x00000144c229c01c: ;   {metadata(method data for {method} {0x00000144d6461630} 'append' '(Ljava/lang/Object;)Ljava/lang/StringBuilder;' in 'java/lang/StringBuilder')}
  0x00000144c229c01c: 0000 0049 | b8d8 1d0f | 1845 0100 | 0049 8380 | 2001 0000 

  0x00000144c229c030: ;   {metadata(method data for {method} {0x00000144d64615d8} 'append' '(Ljava/lang/String;)Ljava/lang/StringBuilder;' in 'java/lang/StringBuilder')}
  0x00000144c229c030: 0149 b8b0 | b300 1845 | 0100 0041 | 8b90 cc00 | 0000 83c2 | 0241 8990 | cc00 0000 | 81e2 feff 
  0x00000144c229c050: 1f00 85d2 | 0f84 eb26 | 0000 488b | 8424 f800 

  0x00000144c229c060: ;   {metadata(method data for {method} {0x00000144d64615d8} 'append' '(Ljava/lang/String;)Ljava/lang/StringBuilder;' in 'java/lang/StringBuilder')}
  0x00000144c229c060: 0000 49b8 | b0b3 0018 | 4501 0000 | 4983 8010 | 0100 0001 | 4c8b c648 | 8b94 24f8 

  0x00000144c229c07c: ;   {optimized virtual_call}
  0x00000144c229c07c: 0000 00e8 

  0x00000144c229c080: ; ImmutableOopMap {[160]=Oop [168]=Oop [208]=Oop [248]=Oop [256]=Oop [264]=Oop }
                      ;*invokespecial append {reexecute=0 rethrow=0 return_oop=0}
                      ; - java.lang.StringBuilder::append@2
                      ; - java.lang.StringBuilder::append@5
                      ; - org.eclipse.osgi.internal.loader.BundleLoader::findClass0@207 (line 502)
  0x00000144c229c080: fc26 0f07 

  0x00000144c229c084: ;   {other}
  0x00000144c229c084: 0f1f 8400 | f423 0018 | 4c8b 8424 | f800 0000 

  0x00000144c229c094: ;   {metadata(method data for {method} {0x000001451858c840} 'findClass0' '(Ljava/lang/String;ZZ)Ljava/lang/Class;' in 'org/eclipse/osgi/internal/loader/BundleLoader')}
  0x00000144c229c094: 498b c048 | ba60 ed85 | 1845 0100 | 0048 8382 | 0006 0000 

  0x00000144c229c0a8: ;   {metadata(method data for {method} {0x00000144d6008958} 'toString' '()Ljava/lang/String;' in 'java/lang/StringBuilder')}
  0x00000144c229c0a8: 0148 ba68 | bb00 1845 | 0100 008b | b2cc 0000 | 0083 c602 | 89b2 cc00 | 0000 81e6 | feff 1f00 
  0x00000144c229c0c8: 85f6 0f84 | 9626 0000 

  0x00000144c229c0d0: ;   {metadata('java/lang/String')}
  0x00000144c229c0d0: 48ba 78e8 | 00d6 4401 | 0000 498b | 87b8 0100 | 0048 8d78 | 1849 3bbf | c801 0000 | 0f87 9526 
  0x00000144c229c0f0: 0000 4989 | bfb8 0100 | 0048 c700 | 0100 0000 | 488b ca49 | ba00 0000 | d644 0100 | 0049 2bca 
  0x00000144c229c110: 8948 0848 | 33c9 8948 | 0c48 33c9 | 4889 4810 

  0x00000144c229c120: ;   {metadata(method data for {method} {0x00000144d6008958} 'toString' '()Ljava/lang/String;' in 'java/lang/StringBuilder')}
  0x00000144c229c120: 4c8b c848 | ba68 bb00 | 1845 0100 | 0048 8382 | 1001 0000 

  0x00000144c229c134: ;   {metadata(method data for {method} {0x00000144d64558c8} '<init>' '(Ljava/lang/StringBuilder;)V' in 'java/lang/String')}
  0x00000144c229c134: 0149 b910 | bd00 1845 | 0100 0041 | 8b91 cc00 | 0000 83c2 | 0241 8991 | cc00 0000 | 81e2 feff 
  0x00000144c229c154: 1f00 85d2 | 0f84 3626 | 0000 4c8b 

  0x00000144c229c160: ;   {metadata(method data for {method} {0x00000144d64558c8} '<init>' '(Ljava/lang/StringBuilder;)V' in 'java/lang/String')}
  0x00000144c229c160: c848 ba10 | bd00 1845 | 0100 0048 | 8382 1001 

  0x00000144c229c170: ;   {oop(nullptr)}
  0x00000144c229c170: 0000 0149 | b900 0000 | 0000 0000 | 0048 8bd0 | 4889 8424 | 1001 0000 | 0f1f 8000 

  0x00000144c229c18c: ;   {optimized virtual_call}
  0x00000144c229c18c: 0000 00e8 

  0x00000144c229c190: ; ImmutableOopMap {[160]=Oop [168]=Oop [208]=Oop [256]=Oop [264]=Oop [272]=Oop }
                      ;*invokespecial <init> {reexecute=0 rethrow=0 return_oop=0}
                      ; - java.lang.String::<init>@3
                      ; - java.lang.StringBuilder::toString@5
                      ; - org.eclipse.osgi.internal.loader.BundleLoader::findClass0@210 (line 502)
  0x00000144c229c190: ec25 0f07 

  0x00000144c229c194: ;   {other}
  0x00000144c229c194: 0f1f 8400 | 0425 0019 | 4c8b 9c24 | 0801 0000 

  0x00000144c229c1a4: ; implicit exception: dispatches to 0x00000144c229e7b5
  0x00000144c229c1a4: 493b 034d 

  0x00000144c229c1a8: ;   {metadata(method data for {method} {0x000001451858c840} 'findClass0' '(Ljava/lang/String;ZZ)Ljava/lang/Class;' in 'org/eclipse/osgi/internal/loader/BundleLoader')}
  0x00000144c229c1a8: 8bc3 49b9 | 60ed 8518 | 4501 0000 

  0x00000144c229c1b4: ;   {metadata('org/eclipse/osgi/internal/debug/Debug')}
  0x00000144c229c1b4: 49ba 8009 | 09d7 4401 | 0000 4d89 | 9148 0600 | 0049 8381 | 5006 0000 

  0x00000144c229c1cc: ;   {metadata(method data for {method} {0x00000145184e5400} 'trace' '(Ljava/lang/String;Ljava/lang/String;)V' in 'org/eclipse/osgi/internal/debug/Debug')}
  0x00000144c229c1cc: 0149 b868 | 7d83 1845 | 0100 0045 | 8b88 cc00 | 0000 4183 | c102 4589 | 88cc 0000 | 0041 81e1 
  0x00000144c229c1ec: feff 1f00 | 4585 c90f | 84c1 2500 | 0041 8b53 | 2448 85d2 

  0x00000144c229c200: ;   {metadata(method data for {method} {0x00000145184e5400} 'trace' '(Ljava/lang/String;Ljava/lang/String;)V' in 'org/eclipse/osgi/internal/debug/Debug')}
  0x00000144c229c200: 49b8 687d | 8318 4501 | 0000 49c7 | c110 0100 | 0074 0749 | c7c1 2001 | 0000 4b8b | 3408 488d 
  0x00000144c229c220: 7601 4b89 | 3408 0f84 | fe02 0000 | 4885 d20f | 8429 0000 

  0x00000144c229c234: ;   {metadata('org/eclipse/osgi/internal/log/ExtendedLogServiceImpl')}
  0x00000144c229c234: 0048 bf40 | 5609 d744 | 0100 008b | 7208 49ba | 0000 00d6 | 4401 0000 | 4903 f248 | 3b7e 380f 
  0x00000144c229c254: 8582 2500 | 00e9 0000 | 0000 4c8b | c248 3b02 

  0x00000144c229c264: ;   {metadata(method data for {method} {0x00000145184e5400} 'trace' '(Ljava/lang/String;Ljava/lang/String;)V' in 'org/eclipse/osgi/internal/debug/Debug')}
  0x00000144c229c264: 4c8b c249 | b968 7d83 | 1845 0100 

  0x00000144c229c270: ;   {metadata('org/eclipse/osgi/internal/log/ExtendedLogServiceImpl')}
  0x00000144c229c270: 0049 ba40 | 5609 d744 | 0100 004d | 8991 4001 | 0000 4983 | 8148 0100 

  0x00000144c229c288: ;   {metadata(method data for {method} {0x000001451850ca90} 'getLogger' '(Ljava/lang/String;)Lorg/osgi/service/log/Logger;' in 'org/eclipse/osgi/internal/log/ExtendedLogServiceImpl')}
  0x00000144c229c288: 0001 49b8 | 00a0 8318 | 4501 0000 | 458b 88cc | 0000 0041 | 83c1 0245 | 8988 cc00 | 0000 4181 
  0x00000144c229c2a8: e1fe ff1f | 0045 85c9 | 0f84 2f25 | 0000 4c8b 

  0x00000144c229c2b8: ;   {metadata(method data for {method} {0x000001451850ca90} 'getLogger' '(Ljava/lang/String;)Lorg/osgi/service/log/Logger;' in 'org/eclipse/osgi/internal/log/ExtendedLogServiceImpl')}
  0x00000144c229c2b8: c249 b900 | a083 1845 

  0x00000144c229c2c0: ;   {metadata('org/eclipse/osgi/internal/log/ExtendedLogServiceImpl')}
  0x00000144c229c2c0: 0100 0049 | ba40 5609 | d744 0100 | 004d 8991 | 2001 0000 | 4983 8128 | 0100 0001 

  0x00000144c229c2dc: ;   {metadata(method data for {method} {0x000001451850a318} 'getLogger' '(Ljava/lang/String;)Lorg/eclipse/equinox/log/Logger;' in 'org/eclipse/osgi/internal/log/ExtendedLogServiceImpl')}
  0x00000144c229c2dc: 49b8 90a1 | 8318 4501 | 0000 458b | 88cc 0000 | 0041 83c1 | 0245 8988 | cc00 0000 | 4181 e1fe 
  0x00000144c229c2fc: ff1f 0045 | 85c9 0f84 | fe24 0000 

  0x00000144c229c308: ;   {metadata(method data for {method} {0x000001451850a318} 'getLogger' '(Ljava/lang/String;)Lorg/eclipse/equinox/log/Logger;' in 'org/eclipse/osgi/internal/log/ExtendedLogServiceImpl')}
  0x00000144c229c308: 4c8b c249 | b990 a183 | 1845 0100 

  0x00000144c229c314: ;   {metadata('org/eclipse/osgi/internal/log/ExtendedLogServiceImpl')}
  0x00000144c229c314: 0049 ba40 | 5609 d744 | 0100 004d | 8991 2001 | 0000 4983 | 8128 0100 | 0001 4c8b | 8424 d000 
  0x00000144c229c334: ;   {oop(a 'java/lang/Class'{0x00000000d71ba760} = 'org/osgi/service/log/Logger')}
  0x00000144c229c334: 0000 49b9 | 60a7 1bd7 | 0000 0000 | 0f1f 8000 

  0x00000144c229c344: ;   {optimized virtual_call}
  0x00000144c229c344: 0000 00e8 

  0x00000144c229c348: ; ImmutableOopMap {[160]=Oop [168]=Oop [208]=Oop [256]=Oop [272]=Oop }
                      ;*invokevirtual getLogger {reexecute=0 rethrow=0 return_oop=0}
                      ; - org.eclipse.osgi.internal.log.ExtendedLogServiceImpl::getLogger@4 (line 73)
                      ; - org.eclipse.osgi.internal.log.ExtendedLogServiceImpl::getLogger@2 (line 1)
                      ; - org.eclipse.osgi.internal.debug.Debug::trace@11 (line 265)
                      ; - org.eclipse.osgi.internal.loader.BundleLoader::findClass0@213 (line 502)
  0x00000144c229c348: 3424 0f07 

  0x00000144c229c34c: ;   {other}
  0x00000144c229c34c: 0f1f 8400 | bc26 001a | 4885 c075 

  0x00000144c229c358: ;   {metadata(method data for {method} {0x000001451850a318} 'getLogger' '(Ljava/lang/String;)Lorg/eclipse/equinox/log/Logger;' in 'org/eclipse/osgi/internal/log/ExtendedLogServiceImpl')}
  0x00000144c229c358: 1648 be90 | a183 1845 | 0100 0080 | 8e41 0100 | 0001 e9e7 

  0x00000144c229c36c: ;   {metadata('org/eclipse/equinox/log/Logger')}
  0x00000144c229c36c: 0000 0048 | bff8 2909 | d744 0100 | 008b 7008 | 49ba 0000 | 00d6 4401 | 0000 4903 | f248 3b7e 
  0x00000144c229c38c: 200f 841a | 0000 0048 | 3bf7 0f84 | 1100 0000 

  0x00000144c229c39c: ;   {runtime_call slow_subtype_check Runtime1 stub}
  0x00000144c229c39c: 5657 e8dd | 411a 075e | 5e85 f60f | 848d 0000 

  0x00000144c229c3ac: ;   {metadata(method data for {method} {0x000001451850a318} 'getLogger' '(Ljava/lang/String;)Lorg/eclipse/equinox/log/Logger;' in 'org/eclipse/osgi/internal/log/ExtendedLogServiceImpl')}
  0x00000144c229c3ac: 0048 be90 | a183 1845 | 0100 008b | 7808 49ba | 0000 00d6 | 4401 0000 | 4903 fa48 | 3bbe 5801 
  0x00000144c229c3cc: 0000 750d | 4883 8660 | 0100 0001 | e979 0000 | 0048 3bbe | 6801 0000 | 750d 4883 | 8670 0100 
  0x00000144c229c3ec: 0001 e963 | 0000 0048 | 83be 5801 | 0000 0075 | 1748 89be | 5801 0000 | 48c7 8660 | 0100 0001 
  0x00000144c229c40c: 0000 00e9 | 4200 0000 | 4883 be68 | 0100 0000 | 7517 4889 | be68 0100 | 0048 c786 | 7001 0000 
  0x00000144c229c42c: 0100 0000 | e921 0000 | 00e9 1c00 

  0x00000144c229c438: ;   {metadata(method data for {method} {0x000001451850a318} 'getLogger' '(Ljava/lang/String;)Lorg/eclipse/equinox/log/Logger;' in 'org/eclipse/osgi/internal/log/ExtendedLogServiceImpl')}
  0x00000144c229c438: 0000 48be | 90a1 8318 | 4501 0000 | 4883 ae48 | 0100 0001 | e9d6 2300 | 00e9 0000 | 0000 488b 
  0x00000144c229c458: d048 3b02 

  0x00000144c229c45c: ;   {metadata(method data for {method} {0x00000145184e5400} 'trace' '(Ljava/lang/String;Ljava/lang/String;)V' in 'org/eclipse/osgi/internal/debug/Debug')}
  0x00000144c229c45c: 4c8b c248 | be68 7d83 | 1845 0100 | 0045 8b40 | 0849 ba00 | 0000 d644 | 0100 004d | 03c2 4c3b 
  0x00000144c229c47c: 8678 0100 | 0075 0d48 | 8386 8001 | 0000 01e9 | 6000 0000 | 4c3b 8688 | 0100 0075 | 0d48 8386 
  0x00000144c229c49c: 9001 0000 | 01e9 4a00 | 0000 4883 | be78 0100 | 0000 7517 | 4c89 8678 | 0100 0048 | c786 8001 
  0x00000144c229c4bc: 0000 0100 | 0000 e929 | 0000 0048 | 83be 8801 | 0000 0075 | 174c 8986 | 8801 0000 | 48c7 8690 
  0x00000144c229c4dc: 0100 0001 | 0000 00e9 | 0800 0000 | 4883 8668 | 0100 0001 | 4c8b 8424 | 1001 0000 | 0f1f 4400 
  0x00000144c229c4fc: 0048 b8ff | ffff ffff 

  0x00000144c229c504: ;   {virtual_call}
  0x00000144c229c504: ffff ffe8 

  0x00000144c229c508: ; ImmutableOopMap {[160]=Oop [168]=Oop [208]=Oop [256]=Oop }
                      ;*invokeinterface debug {reexecute=0 rethrow=0 return_oop=0}
                      ; - org.eclipse.osgi.internal.debug.Debug::trace@17 (line 265)
                      ; - org.eclipse.osgi.internal.loader.BundleLoader::findClass0@213 (line 502)
  0x00000144c229c508: 7425 0f07 

  0x00000144c229c50c: ;   {other}
  0x00000144c229c50c: 0f1f 8400 | 7c28 001b 

  0x00000144c229c514: ;   {metadata(method data for {method} {0x00000145184e5400} 'trace' '(Ljava/lang/String;Ljava/lang/String;)V' in 'org/eclipse/osgi/internal/debug/Debug')}
  0x00000144c229c514: 49b8 687d | 8318 4501 | 0000 41ff | 80a0 0100 | 00e9 5200 | 0000 488b | 8424 1001 

  0x00000144c229c530: ;   {oop(a 'java/lang/Class'{0x00000000d71bb8f0} = 'org/eclipse/osgi/internal/debug/Debug')}
  0x00000144c229c530: 0000 49b8 | f0b8 1bd7 | 0000 0000 | 418b 90d0 | 0000 0048 | 3b02 4c8b 

  0x00000144c229c548: ;   {metadata(method data for {method} {0x00000145184e5400} 'trace' '(Ljava/lang/String;Ljava/lang/String;)V' in 'org/eclipse/osgi/internal/debug/Debug')}
  0x00000144c229c548: c248 be68 | 7d83 1845 

  0x00000144c229c550: ;   {metadata('java/io/PrintStream')}
  0x00000144c229c550: 0100 0049 | bac8 a300 | d644 0100 | 004c 8996 | c801 0000 | 4883 86d0 | 0100 0001 

  0x00000144c229c56c: ;   {optimized virtual_call}
  0x00000144c229c56c: 4c8b c0e8 

  0x00000144c229c570: ; ImmutableOopMap {[160]=Oop [168]=Oop [208]=Oop [256]=Oop }
                      ;*invokevirtual println {reexecute=0 rethrow=0 return_oop=0}
                      ; - org.eclipse.osgi.internal.debug.Debug::trace@29 (line 267)
                      ; - org.eclipse.osgi.internal.loader.BundleLoader::findClass0@213 (line 502)
  0x00000144c229c570: 0c22 0f07 

  0x00000144c229c574: ;   {other}
  0x00000144c229c574: 0f1f 8400 | e428 001c | 488b 9c24 | 0001 0000 

  0x00000144c229c584: ; implicit exception: dispatches to 0x00000144c229e83a
  0x00000144c229c584: 483b 034c 

  0x00000144c229c588: ;   {metadata(method data for {method} {0x000001451858c840} 'findClass0' '(Ljava/lang/String;ZZ)Ljava/lang/Class;' in 'org/eclipse/osgi/internal/loader/BundleLoader')}
  0x00000144c229c588: 8bc3 48ba | 60ed 8518 | 4501 0000 | 458b 4008 | 49ba 0000 | 00d6 4401 | 0000 4d03 | c24c 3b82 
  0x00000144c229c5a8: 8006 0000 | 750d 4883 | 8288 0600 | 0001 e960 | 0000 004c | 3b82 9006 | 0000 750d | 4883 8298 
  0x00000144c229c5c8: 0600 0001 | e94a 0000 | 0048 83ba | 8006 0000 | 0075 174c | 8982 8006 | 0000 48c7 | 8288 0600 
  0x00000144c229c5e8: 0001 0000 | 00e9 2900 | 0000 4883 | ba90 0600 | 0000 7517 | 4c89 8290 | 0600 0048 | c782 9806 
  0x00000144c229c608: 0000 0100 | 0000 e908 | 0000 0048 | 8382 7006 | 0000 014c | 8b84 24a0 | 0000 0048 | 8bd3 0f1f 
  0x00000144c229c628: 8000 0000 | 0048 b8ff | ffff ffff 

  0x00000144c229c634: ;   {virtual_call}
  0x00000144c229c634: ffff ffe8 

  0x00000144c229c638: ; ImmutableOopMap {[160]=Oop [168]=Oop [208]=Oop }
                      ;*invokevirtual loadClass {reexecute=0 rethrow=0 return_oop=0}
                      ; - org.eclipse.osgi.internal.loader.BundleLoader::findClass0@219 (line 505)
  0x00000144c229c638: 24ef 0e07 

  0x00000144c229c63c: ;   {other}
  0x00000144c229c63c: 0f1f 8400 | ac29 001d 

  0x00000144c229c644: ;   {metadata(method data for {method} {0x000001451858c840} 'findClass0' '(Ljava/lang/String;ZZ)Ljava/lang/Class;' in 'org/eclipse/osgi/internal/loader/BundleLoader')}
  0x00000144c229c644: 4885 c048 | ba60 ed85 | 1845 0100 | 0048 c7c6 | a806 0000 | 7507 48c7 | c6b8 0600 | 0048 8b3c 
  0x00000144c229c664: 3248 8d7f | 0148 893c | 320f 85c9 | 0300 0048 | 8b94 24a8 

  0x00000144c229c678: ;   {metadata(method data for {method} {0x000001451858c840} 'findClass0' '(Ljava/lang/String;ZZ)Ljava/lang/Class;' in 'org/eclipse/osgi/internal/loader/BundleLoader')}
  0x00000144c229c678: 0000 0048 | be60 ed85 | 1845 0100 | 008b 5208 | 49ba 0000 | 00d6 4401 | 0000 4903 | d248 3b96 
  0x00000144c229c698: d806 0000 | 750d 4883 | 86e0 0600 | 0001 e960 | 0000 0048 | 3b96 e806 | 0000 750d | 4883 86f0 
  0x00000144c229c6b8: 0600 0001 | e94a 0000 | 0048 83be | d806 0000 | 0075 1748 | 8996 d806 | 0000 48c7 | 86e0 0600 
  0x00000144c229c6d8: 0001 0000 | 00e9 2900 | 0000 4883 | bee8 0600 | 0000 7517 | 4889 96e8 | 0600 0048 | c786 f006 
  0x00000144c229c6f8: 0000 0100 | 0000 e908 | 0000 0048 | 8386 c806 | 0000 0148 | 8b94 24a8 | 0000 0066 | 9048 b8ff 
  0x00000144c229c718: ffff ffff 

  0x00000144c229c71c: ;   {virtual_call}
  0x00000144c229c71c: ffff ffe8 

  0x00000144c229c720: ; ImmutableOopMap {[160]=Oop [168]=Oop [208]=Oop }
                      ;*invokevirtual getModuleClassLoader {reexecute=0 rethrow=0 return_oop=0}
                      ; - org.eclipse.osgi.internal.loader.BundleLoader::findClass0@230 (line 509)
  0x00000144c229c720: 5c23 0f07 

  0x00000144c229c724: ;   {other}
  0x00000144c229c724: 0f1f 8400 | 942a 001e 

  0x00000144c229c72c: ; implicit exception: dispatches to 0x00000144c229e83f
  0x00000144c229c72c: 483b 004c 

  0x00000144c229c730: ;   {metadata(method data for {method} {0x000001451858c840} 'findClass0' '(Ljava/lang/String;ZZ)Ljava/lang/Class;' in 'org/eclipse/osgi/internal/loader/BundleLoader')}
  0x00000144c229c730: 8bc0 48ba | 60ed 8518 | 4501 0000 | 458b 4008 | 49ba 0000 | 00d6 4401 | 0000 4d03 | c24c 3b82 
  0x00000144c229c750: 1007 0000 | 750d 4883 | 8218 0700 | 0001 e960 | 0000 004c | 3b82 2007 | 0000 750d | 4883 8228 
  0x00000144c229c770: 0700 0001 | e94a 0000 | 0048 83ba | 1007 0000 | 0075 174c | 8982 1007 | 0000 48c7 | 8218 0700 
  0x00000144c229c790: 0001 0000 | 00e9 2900 | 0000 4883 | ba20 0700 | 0000 7517 | 4c89 8220 | 0700 0048 | c782 2807 
  0x00000144c229c7b0: 0000 0100 | 0000 e908 | 0000 0048 | 8382 0007 

  0x00000144c229c7c0: ;   {metadata(method data for {method} {0x00000145186241f0} 'publicFindLoaded' '(Ljava/lang/String;)Ljava/lang/Class;' in 'org/eclipse/osgi/internal/loader/ModuleClassLoader')}
  0x00000144c229c7c0: 0000 0149 | b8c8 108a | 1845 0100 | 0041 8b90 | cc00 0000 | 83c2 0241 | 8990 cc00 | 0000 81e2 
  0x00000144c229c7e0: feff 1f00 | 85d2 0f84 | 5820 0000 

  0x00000144c229c7ec: ;   {metadata(method data for {method} {0x00000145186241f0} 'publicFindLoaded' '(Ljava/lang/String;)Ljava/lang/Class;' in 'org/eclipse/osgi/internal/loader/ModuleClassLoader')}
  0x00000144c229c7ec: 4c8b c048 | bac8 108a | 1845 0100 | 0045 8b40 | 0849 ba00 | 0000 d644 | 0100 004d | 03c2 4c3b 
  0x00000144c229c80c: 8220 0100 | 0075 0d48 | 8382 2801 | 0000 01e9 | 6000 0000 | 4c3b 8230 | 0100 0075 | 0d48 8382 
  0x00000144c229c82c: 3801 0000 | 01e9 4a00 | 0000 4883 | ba20 0100 | 0000 7517 | 4c89 8220 | 0100 0048 | c782 2801 
  0x00000144c229c84c: 0000 0100 | 0000 e929 | 0000 0048 | 83ba 3001 | 0000 0075 | 174c 8982 | 3001 0000 | 48c7 8238 
  0x00000144c229c86c: 0100 0001 | 0000 00e9 | 0800 0000 | 4883 8210 | 0100 0001 

  0x00000144c229c880: ;   {metadata(method data for {method} {0x0000014518624f10} 'getClassLoadingLock' '(Ljava/lang/String;)Ljava/lang/Object;' in 'org/eclipse/osgi/internal/loader/ModuleClassLoader')}
  0x00000144c229c880: 49b8 9012 | 8a18 4501 | 0000 418b | 90cc 0000 | 0083 c202 | 4189 90cc | 0000 0081 | e2fe ff1f 
  0x00000144c229c8a0: 0085 d20f | 84bc 1f00 | 008b 5050 

  0x00000144c229c8ac: ; implicit exception: dispatches to 0x00000144c229e886
  0x00000144c229c8ac: 483b 024c 

  0x00000144c229c8b0: ;   {metadata(method data for {method} {0x0000014518624f10} 'getClassLoadingLock' '(Ljava/lang/String;)Ljava/lang/Object;' in 'org/eclipse/osgi/internal/loader/ModuleClassLoader')}
  0x00000144c229c8b0: 8bc2 48be | 9012 8a18 | 4501 0000 | 4883 8610 | 0100 0001 | 4c8b 8424 | a000 0000 | 4889 8424 
  0x00000144c229c8d0: 1801 0000 

  0x00000144c229c8d4: ;   {optimized virtual_call}
  0x00000144c229c8d4: 6666 90e8 

  0x00000144c229c8d8: ; ImmutableOopMap {[160]=Oop [168]=Oop [208]=Oop [280]=Oop }
                      ;*invokevirtual getLock {reexecute=0 rethrow=0 return_oop=0}
                      ; - org.eclipse.osgi.internal.loader.ModuleClassLoader::getClassLoadingLock@5 (line 437)
                      ; - org.eclipse.osgi.internal.loader.ModuleClassLoader::publicFindLoaded@2 (line 323)
                      ; - org.eclipse.osgi.internal.loader.BundleLoader::findClass0@234 (line 509)
  0x00000144c229c8d8: a41e 0f07 

  0x00000144c229c8dc: ;   {other}
  0x00000144c229c8dc: 0f1f 8400 | 4c2c 001f | 4889 8424 | 2001 0000 | 488d 9424 | 5001 0000 | 488b f048 | 8972 0848 
  0x00000144c229c8fc: 8b06 4883 | c801 4889 | 02f0 480f | b116 0f84 | 1200 0000 | 482b c448 | 2507 f0ff | ff48 8902 
  0x00000144c229c91c: 0f85 6e1f | 0000 49ff | 8750 0500 | 0048 8b94 | 2418 0100 

  0x00000144c229c930: ;   {metadata(method data for {method} {0x00000145186241f0} 'publicFindLoaded' '(Ljava/lang/String;)Ljava/lang/Class;' in 'org/eclipse/osgi/internal/loader/ModuleClassLoader')}
  0x00000144c229c930: 0048 bec8 | 108a 1845 | 0100 0048 | 8386 4801 

  0x00000144c229c940: ;   {metadata(method data for {method} {0x00000144d6434ed0} 'findLoadedClass' '(Ljava/lang/String;)Ljava/lang/Class;' in 'java/lang/ClassLoader')}
  0x00000144c229c940: 0000 0148 | ba50 f023 | 1845 0100 | 008b b2cc | 0000 0083 | c602 89b2 | cc00 0000 | 81e6 feff 
  0x00000144c229c960: 1f00 85f6 | 0f84 391f 

  0x00000144c229c968: ;   {metadata(method data for {method} {0x00000144d6434ed0} 'findLoadedClass' '(Ljava/lang/String;)Ljava/lang/Class;' in 'java/lang/ClassLoader')}
  0x00000144c229c968: 0000 48ba | 50f0 2318 | 4501 0000 | 4883 8210 | 0100 0001 | 488b 9424 | a000 0000 

  0x00000144c229c984: ;   {static_call}
  0x00000144c229c984: 6666 90e8 

  0x00000144c229c988: ; ImmutableOopMap {[160]=Oop [168]=Oop [208]=Oop [280]=Oop [288]=Oop [344]=Oop }
                      ;*invokestatic checkName {reexecute=0 rethrow=0 return_oop=0}
                      ; - java.lang.ClassLoader::findLoadedClass@1
                      ; - org.eclipse.osgi.internal.loader.ModuleClassLoader::publicFindLoaded@10 (line 324)
                      ; - org.eclipse.osgi.internal.loader.BundleLoader::findClass0@234 (line 509)
  0x00000144c229c988: f423 0f07 

  0x00000144c229c98c: ;   {other}
  0x00000144c229c98c: 0f1f 8400 | fc2c 0020 

  0x00000144c229c994: ;   {metadata(method data for {method} {0x00000144d6434ed0} 'findLoadedClass' '(Ljava/lang/String;)Ljava/lang/Class;' in 'java/lang/ClassLoader')}
  0x00000144c229c994: 85c0 49b8 | 50f0 2318 | 4501 0000 | 48c7 c220 | 0100 0075 | 0748 c7c2 | 3001 0000 | 498b 3410 
  0x00000144c229c9b4: 488d 7601 | 4989 3410 | 0f85 0f00 

  0x00000144c229c9c0: ;   {oop(nullptr)}
  0x00000144c229c9c0: 0000 48be | 0000 0000 | 0000 0000 | e93e 0000 | 0048 8b84 | 2418 0100 | 004c 8bc0 

  0x00000144c229c9dc: ;   {metadata(method data for {method} {0x00000144d6434ed0} 'findLoadedClass' '(Ljava/lang/String;)Ljava/lang/Class;' in 'java/lang/ClassLoader')}
  0x00000144c229c9dc: 48ba 50f0 | 2318 4501 | 0000 4883 | 8240 0100 | 0001 4c8b | 8424 a000 | 0000 488b | d066 0f1f 
  0x00000144c229c9fc: ;   {optimized virtual_call}
  0x00000144c229c9fc: 4400 00e8 

  0x00000144c229ca00: ; ImmutableOopMap {[160]=Oop [168]=Oop [208]=Oop [288]=Oop [344]=Oop }
                      ;*invokevirtual findLoadedClass0 {reexecute=0 rethrow=0 return_oop=0}
                      ; - java.lang.ClassLoader::findLoadedClass@11
                      ; - org.eclipse.osgi.internal.loader.ModuleClassLoader::publicFindLoaded@10 (line 324)
                      ; - org.eclipse.osgi.internal.loader.BundleLoader::findClass0@234 (line 509)
  0x00000144c229ca00: 7c1d 0f07 

  0x00000144c229ca04: ;   {other}
  0x00000144c229ca04: 0f1f 8400 | 742d 0021 | 488b f048 | 8d84 2450 | 0100 004c | 8b00 4d85 | c00f 840f | 0000 004c 
  0x00000144c229ca24: 8b48 08f0 | 4d0f b101 | 0f85 921e | 0000 49ff | 8f50 0500 | 0048 8bc6 

  0x00000144c229ca3c: ;   {metadata(method data for {method} {0x000001451858c840} 'findClass0' '(Ljava/lang/String;ZZ)Ljava/lang/Class;' in 'org/eclipse/osgi/internal/loader/BundleLoader')}
  0x00000144c229ca3c: 4885 c049 | b860 ed85 | 1845 0100 | 0049 c7c1 | 3807 0000 | 7407 49c7 | c148 0700 | 004b 8b14 
  0x00000144c229ca5c: 0848 8d52 | 014b 8914 | 080f 842e | 1500 0048 | 81c4 7001 

  0x00000144c229ca70: ;   {poll_return}
  0x00000144c229ca70: 0000 5d49 | 3ba7 5004 | 0000 0f87 | 5a1e 0000 | c348 8b94 | 24a8 0000 

  0x00000144c229ca88: ;   {metadata(method data for {method} {0x000001451858c840} 'findClass0' '(Ljava/lang/String;ZZ)Ljava/lang/Class;' in 'org/eclipse/osgi/internal/loader/BundleLoader')}
  0x00000144c229ca88: 0049 b860 | ed85 1845 | 0100 0049 | 8380 6807 | 0000 014c | 8b84 24b8 

  0x00000144c229caa0: ;   {oop(nullptr)}
  0x00000144c229caa0: 0000 0049 | b900 0000 | 0000 0000 | 0048 8b94 | 24a8 0000 

  0x00000144c229cab4: ;   {optimized virtual_call}
  0x00000144c229cab4: 0066 90e8 

  0x00000144c229cab8: ; ImmutableOopMap {[160]=Oop [168]=Oop [184]=Oop [208]=Oop [232]=Oop }
                      ;*invokespecial findRequiredSource {reexecute=0 rethrow=0 return_oop=0}
                      ; - org.eclipse.osgi.internal.loader.BundleLoader::findClass0@260 (line 516)
  0x00000144c229cab8: 3824 0000 

  0x00000144c229cabc: ;   {other}
  0x00000144c229cabc: 0f1f 8400 | 2c2e 0022 | 4889 8424 | 3001 0000 

  0x00000144c229cacc: ;   {metadata(method data for {method} {0x000001451858c840} 'findClass0' '(Ljava/lang/String;ZZ)Ljava/lang/Class;' in 'org/eclipse/osgi/internal/loader/BundleLoader')}
  0x00000144c229cacc: 4885 c048 | ba60 ed85 | 1845 0100 | 0048 c7c6 | 8807 0000 | 7507 48c7 | c678 0700 | 0048 8b3c 
  0x00000144c229caec: 3248 8d7f | 0148 893c | 320f 850d | 0000 0048 | 8bb4 24e8 | 0000 00e9 | e70a 0000 | 488b 9c24 
  0x00000144c229cb0c: d000 0000 

  0x00000144c229cb10: ;   {metadata(method data for {method} {0x000001451858c840} 'findClass0' '(Ljava/lang/String;ZZ)Ljava/lang/Class;' in 'org/eclipse/osgi/internal/loader/BundleLoader')}
  0x00000144c229cb10: 4885 db48 | ba60 ed85 | 1845 0100 | 0048 c7c6 | 9807 0000 | 7407 48c7 | c6a8 0700 | 0048 8b3c 
  0x00000144c229cb30: 3248 8d7f | 0148 893c | 3248 899c | 24d0 0000 | 000f 84e5 | 0900 0048 | 8b94 24a8 | 0000 0044 
  0x00000144c229cb50: 8b4a 184c | 898c 2438 

  0x00000144c229cb58: ;   {metadata('java/lang/StringBuilder')}
  0x00000144c229cb58: 0100 0048 | ba40 8000 | d644 0100 | 0049 8b87 | b801 0000 | 488d 7818 | 493b bfc8 | 0100 000f 
  0x00000144c229cb78: 8773 1d00 | 0049 89bf | b801 0000 | 48c7 0001 | 0000 0048 | 8bca 49ba | 0000 00d6 | 4401 0000 
  0x00000144c229cb98: 492b ca89 | 4808 4833 | c989 480c | 4833 c948 | 8948 104c 

  0x00000144c229cbac: ;   {metadata(method data for {method} {0x000001451858c840} 'findClass0' '(Ljava/lang/String;ZZ)Ljava/lang/Class;' in 'org/eclipse/osgi/internal/loader/BundleLoader')}
  0x00000144c229cbac: 8bc0 48ba | 60ed 8518 | 4501 0000 | 4883 82b8 | 0700 0001 

  0x00000144c229cbc0: ;   {metadata(method data for {method} {0x00000144d6461898} '<init>' '(Ljava/lang/String;)V' in 'java/lang/StringBuilder')}
  0x00000144c229cbc0: 49b8 2079 | 3018 4501 | 0000 418b | 90cc 0000 | 0083 c202 | 4189 90cc | 0000 0081 | e2fe ff1f 
  0x00000144c229cbe0: 0085 d20f | 8414 1d00 | 004c 8bc0 

  0x00000144c229cbec: ;   {metadata(method data for {method} {0x00000144d6461898} '<init>' '(Ljava/lang/String;)V' in 'java/lang/StringBuilder')}
  0x00000144c229cbec: 48ba 2079 | 3018 4501 | 0000 4883 | 8210 0100 

  0x00000144c229cbfc: ;   {oop("BundleLoader["{0x00000000802ad5c8})}
  0x00000144c229cbfc: 0001 49b8 | c8d5 2a80 | 0000 0000 | 488b d048 | 8984 2428 | 0100 000f 

  0x00000144c229cc14: ;   {optimized virtual_call}
  0x00000144c229cc14: 1f40 00e8 

  0x00000144c229cc18: ; ImmutableOopMap {[160]=Oop [168]=Oop [184]=Oop [208]=Oop [296]=Oop [304]=Oop [312]=Oop }
                      ;*invokespecial <init> {reexecute=0 rethrow=0 return_oop=0}
                      ; - java.lang.StringBuilder::<init>@2
                      ; - org.eclipse.osgi.internal.loader.BundleLoader::findClass0@288 (line 520)
  0x00000144c229cc18: 641b 0f07 

  0x00000144c229cc1c: ;   {other}
  0x00000144c229cc1c: 0f1f 8400 | 8c2f 0023 | 488b 8424 | 2801 0000 

  0x00000144c229cc2c: ;   {metadata(method data for {method} {0x000001451858c840} 'findClass0' '(Ljava/lang/String;ZZ)Ljava/lang/Class;' in 'org/eclipse/osgi/internal/loader/BundleLoader')}
  0x00000144c229cc2c: 48ba 60ed | 8518 4501 | 0000 4883 | 82c8 0700 

  0x00000144c229cc3c: ;   {metadata(method data for {method} {0x00000144d6461630} 'append' '(Ljava/lang/Object;)Ljava/lang/StringBuilder;' in 'java/lang/StringBuilder')}
  0x00000144c229cc3c: 0001 48ba | d81d 0f18 | 4501 0000 | 8bb2 cc00 | 0000 83c6 | 0289 b2cc | 0000 0081 | e6fe ff1f 
  0x00000144c229cc5c: 0085 f60f | 84b9 1c00 

  0x00000144c229cc64: ;   {metadata(method data for {method} {0x00000144d6461630} 'append' '(Ljava/lang/Object;)Ljava/lang/StringBuilder;' in 'java/lang/StringBuilder')}
  0x00000144c229cc64: 0048 bad8 | 1d0f 1845 | 0100 0048 | 8382 1001 

  0x00000144c229cc74: ;   {metadata(method data for {method} {0x00000144d6454d70} 'valueOf' '(Ljava/lang/Object;)Ljava/lang/String;' in 'java/lang/String')}
  0x00000144c229cc74: 0000 0148 | ba78 1f0f | 1845 0100 | 008b b2cc | 0000 0083 | c602 89b2 | cc00 0000 | 81e6 feff 
  0x00000144c229cc94: 1f00 85f6 | 0f84 a11c 

  0x00000144c229cc9c: ;   {metadata(method data for {method} {0x00000144d6454d70} 'valueOf' '(Ljava/lang/Object;)Ljava/lang/String;' in 'java/lang/String')}
  0x00000144c229cc9c: 0000 48ba | 781f 0f18 | 4501 0000 | ff82 1001 | 0000 488b | 9424 a800 

  0x00000144c229ccb4: ;   {metadata(method data for {method} {0x00000144d6454d70} 'valueOf' '(Ljava/lang/Object;)Ljava/lang/String;' in 'java/lang/String')}
  0x00000144c229ccb4: 0000 48be | 781f 0f18 | 4501 0000 | 8b52 0849 | ba00 0000 | d644 0100 | 0049 03d2 | 483b 9658 
  0x00000144c229ccd4: 0100 0075 | 0d48 8386 | 6001 0000 | 01e9 6000 | 0000 483b | 9668 0100 | 0075 0d48 | 8386 7001 
  0x00000144c229ccf4: 0000 01e9 | 4a00 0000 | 4883 be58 | 0100 0000 | 7517 4889 | 9658 0100 | 0048 c786 | 6001 0000 
  0x00000144c229cd14: 0100 0000 | e929 0000 | 0048 83be | 6801 0000 | 0075 1748 | 8996 6801 | 0000 48c7 | 8670 0100 
  0x00000144c229cd34: 0001 0000 | 00e9 0800 | 0000 4883 | 8648 0100 | 0001 488b | 9424 a800 

  0x00000144c229cd4c: ;   {optimized virtual_call}
  0x00000144c229cd4c: 0000 90e8 

  0x00000144c229cd50: ; ImmutableOopMap {[160]=Oop [168]=Oop [184]=Oop [208]=Oop [296]=Oop [304]=Oop [312]=Oop }
                      ;*invokevirtual toString {reexecute=0 rethrow=0 return_oop=0}
                      ; - java.lang.String::valueOf@11
                      ; - java.lang.StringBuilder::append@2
                      ; - org.eclipse.osgi.internal.loader.BundleLoader::findClass0@292 (line 520)
  0x00000144c229cd50: 2c1a 0f07 

  0x00000144c229cd54: ;   {other}
  0x00000144c229cd54: 0f1f 8400 | c430 0024 | 4c8b 8424 | 2801 0000 

  0x00000144c229cd64: ;   {metadata(method data for {method} {0x00000144d6461630} 'append' '(Ljava/lang/Object;)Ljava/lang/StringBuilder;' in 'java/lang/StringBuilder')}
  0x00000144c229cd64: 48ba d81d | 0f18 4501 | 0000 4883 | 8220 0100 

  0x00000144c229cd74: ;   {metadata(method data for {method} {0x00000144d64615d8} 'append' '(Ljava/lang/String;)Ljava/lang/StringBuilder;' in 'java/lang/StringBuilder')}
  0x00000144c229cd74: 0001 49b8 | b0b3 0018 | 4501 0000 | 418b 90cc | 0000 0083 | c202 4189 | 90cc 0000 | 0081 e2fe 
  0x00000144c229cd94: ff1f 0085 | d20f 84c1 | 1b00 004c | 8b84 2428 

  0x00000144c229cda4: ;   {metadata(method data for {method} {0x00000144d64615d8} 'append' '(Ljava/lang/String;)Ljava/lang/StringBuilder;' in 'java/lang/StringBuilder')}
  0x00000144c229cda4: 0100 0048 | bab0 b300 | 1845 0100 | 0048 8382 | 1001 0000 | 014c 8bc0 | 488b 9424 | 2801 0000 
  0x00000144c229cdc4: ;   {optimized virtual_call}
  0x00000144c229cdc4: 6666 90e8 

  0x00000144c229cdc8: ; ImmutableOopMap {[160]=Oop [168]=Oop [184]=Oop [208]=Oop [296]=Oop [304]=Oop [312]=Oop }
                      ;*invokespecial append {reexecute=0 rethrow=0 return_oop=0}
                      ; - java.lang.StringBuilder::append@2
                      ; - java.lang.StringBuilder::append@5
                      ; - org.eclipse.osgi.internal.loader.BundleLoader::findClass0@292 (line 520)
  0x00000144c229cdc8: b419 0f07 

  0x00000144c229cdcc: ;   {other}
  0x00000144c229cdcc: 0f1f 8400 | 3c31 0025 | 4c8b 8424 | 2801 0000 

  0x00000144c229cddc: ;   {metadata(method data for {method} {0x000001451858c840} 'findClass0' '(Ljava/lang/String;ZZ)Ljava/lang/Class;' in 'org/eclipse/osgi/internal/loader/BundleLoader')}
  0x00000144c229cddc: 48ba 60ed | 8518 4501 | 0000 4883 | 8200 0800 

  0x00000144c229cdec: ;   {metadata(method data for {method} {0x00000144d64615d8} 'append' '(Ljava/lang/String;)Ljava/lang/StringBuilder;' in 'java/lang/StringBuilder')}
  0x00000144c229cdec: 0001 49b8 | b0b3 0018 | 4501 0000 | 418b 90cc | 0000 0083 | c202 4189 | 90cc 0000 | 0081 e2fe 
  0x00000144c229ce0c: ff1f 0085 | d20f 846a | 1b00 004c | 8b84 2428 

  0x00000144c229ce1c: ;   {metadata(method data for {method} {0x00000144d64615d8} 'append' '(Ljava/lang/String;)Ljava/lang/StringBuilder;' in 'java/lang/StringBuilder')}
  0x00000144c229ce1c: 0100 0048 | bab0 b300 | 1845 0100 | 0048 8382 | 1001 0000 

  0x00000144c229ce30: ;   {oop("] loading from required bundle package: "{0x00000000d57a8798})}
  0x00000144c229ce30: 0149 b898 | 877a d500 | 0000 0048 | 8b94 2428 | 0100 000f 

  0x00000144c229ce44: ;   {optimized virtual_call}
  0x00000144c229ce44: 1f40 00e8 

  0x00000144c229ce48: ; ImmutableOopMap {[160]=Oop [168]=Oop [184]=Oop [208]=Oop [296]=Oop [304]=Oop [312]=Oop }
                      ;*invokespecial append {reexecute=0 rethrow=0 return_oop=0}
                      ; - java.lang.StringBuilder::append@2
                      ; - org.eclipse.osgi.internal.loader.BundleLoader::findClass0@298 (line 520)
  0x00000144c229ce48: 3419 0f07 

  0x00000144c229ce4c: ;   {other}
  0x00000144c229ce4c: 0f1f 8400 | bc31 0026 | 488b 8424 | 2801 0000 

  0x00000144c229ce5c: ;   {metadata(method data for {method} {0x000001451858c840} 'findClass0' '(Ljava/lang/String;ZZ)Ljava/lang/Class;' in 'org/eclipse/osgi/internal/loader/BundleLoader')}
  0x00000144c229ce5c: 48ba 60ed | 8518 4501 | 0000 4883 | 8238 0800 

  0x00000144c229ce6c: ;   {metadata(method data for {method} {0x00000144d6461630} 'append' '(Ljava/lang/Object;)Ljava/lang/StringBuilder;' in 'java/lang/StringBuilder')}
  0x00000144c229ce6c: 0001 48ba | d81d 0f18 | 4501 0000 | 8bb2 cc00 | 0000 83c6 | 0289 b2cc | 0000 0081 | e6fe ff1f 
  0x00000144c229ce8c: 0085 f60f | 840d 1b00 

  0x00000144c229ce94: ;   {metadata(method data for {method} {0x00000144d6461630} 'append' '(Ljava/lang/Object;)Ljava/lang/StringBuilder;' in 'java/lang/StringBuilder')}
  0x00000144c229ce94: 0048 bad8 | 1d0f 1845 | 0100 0048 | 8382 1001 

  0x00000144c229cea4: ;   {metadata(method data for {method} {0x00000144d6454d70} 'valueOf' '(Ljava/lang/Object;)Ljava/lang/String;' in 'java/lang/String')}
  0x00000144c229cea4: 0000 0148 | ba78 1f0f | 1845 0100 | 008b b2cc | 0000 0083 | c602 89b2 | cc00 0000 | 81e6 feff 
  0x00000144c229cec4: 1f00 85f6 | 0f84 f51a | 0000 488b | 8424 3001 | 0000 4885 

  0x00000144c229ced8: ;   {metadata(method data for {method} {0x00000144d6454d70} 'valueOf' '(Ljava/lang/Object;)Ljava/lang/String;' in 'java/lang/String')}
  0x00000144c229ced8: c048 ba78 | 1f0f 1845 | 0100 0048 | c7c6 1001 | 0000 7507 | 48c7 c620 | 0100 0048 | 8b3c 3248 
  0x00000144c229cef8: 8d7f 0148 | 893c 320f | 851f 0000 

  0x00000144c229cf04: ;   {metadata(method data for {method} {0x00000144d6454d70} 'valueOf' '(Ljava/lang/Object;)Ljava/lang/String;' in 'java/lang/String')}
  0x00000144c229cf04: 0048 ba78 | 1f0f 1845 | 0100 00ff | 8230 0100 

  0x00000144c229cf14: ;   {oop("null"{0x00000000800041f0})}
  0x00000144c229cf14: 0048 bef0 | 4100 8000 | 0000 00e9 | ab00 0000 

  0x00000144c229cf24: ; implicit exception: dispatches to 0x00000144c229e9e4
  0x00000144c229cf24: 483b 0048 

  0x00000144c229cf28: ;   {metadata(method data for {method} {0x00000144d6454d70} 'valueOf' '(Ljava/lang/Object;)Ljava/lang/String;' in 'java/lang/String')}
  0x00000144c229cf28: 8bd0 48be | 781f 0f18 | 4501 0000 | 8b52 0849 | ba00 0000 | d644 0100 | 0049 03d2 | 483b 9658 
  0x00000144c229cf48: 0100 0075 | 0d48 8386 | 6001 0000 | 01e9 6000 | 0000 483b | 9668 0100 | 0075 0d48 | 8386 7001 
  0x00000144c229cf68: 0000 01e9 | 4a00 0000 | 4883 be58 | 0100 0000 | 7517 4889 | 9658 0100 | 0048 c786 | 6001 0000 
  0x00000144c229cf88: 0100 0000 | e929 0000 | 0048 83be | 6801 0000 | 0075 1748 | 8996 6801 | 0000 48c7 | 8670 0100 
  0x00000144c229cfa8: 0001 0000 | 00e9 0800 | 0000 4883 | 8648 0100 | 0001 488b 

  0x00000144c229cfbc: ;   {optimized virtual_call}
  0x00000144c229cfbc: d066 90e8 

  0x00000144c229cfc0: ; ImmutableOopMap {[160]=Oop [168]=Oop [184]=Oop [208]=Oop [296]=Oop [304]=Oop [312]=Oop }
                      ;*invokevirtual toString {reexecute=0 rethrow=0 return_oop=0}
                      ; - java.lang.String::valueOf@11
                      ; - java.lang.StringBuilder::append@2
                      ; - org.eclipse.osgi.internal.loader.BundleLoader::findClass0@303 (line 520)
  0x00000144c229cfc0: bc17 0f07 

  0x00000144c229cfc4: ;   {other}
  0x00000144c229cfc4: 0f1f 8400 | 3433 0027 | 488b f048 | 8b84 2428 

  0x00000144c229cfd4: ;   {metadata(method data for {method} {0x00000144d6461630} 'append' '(Ljava/lang/Object;)Ljava/lang/StringBuilder;' in 'java/lang/StringBuilder')}
  0x00000144c229cfd4: 0100 0049 | b8d8 1d0f | 1845 0100 | 0049 8380 | 2001 0000 

  0x00000144c229cfe8: ;   {metadata(method data for {method} {0x00000144d64615d8} 'append' '(Ljava/lang/String;)Ljava/lang/StringBuilder;' in 'java/lang/StringBuilder')}
  0x00000144c229cfe8: 0149 b8b0 | b300 1845 | 0100 0041 | 8b90 cc00 | 0000 83c2 | 0241 8990 | cc00 0000 | 81e2 feff 
  0x00000144c229d008: 1f00 85d2 | 0f84 d719 | 0000 488b | 8424 2801 

  0x00000144c229d018: ;   {metadata(method data for {method} {0x00000144d64615d8} 'append' '(Ljava/lang/String;)Ljava/lang/StringBuilder;' in 'java/lang/StringBuilder')}
  0x00000144c229d018: 0000 49b8 | b0b3 0018 | 4501 0000 | 4983 8010 | 0100 0001 | 4c8b c648 | 8b94 2428 

  0x00000144c229d034: ;   {optimized virtual_call}
  0x00000144c229d034: 0100 00e8 

  0x00000144c229d038: ; ImmutableOopMap {[160]=Oop [168]=Oop [184]=Oop [208]=Oop [296]=Oop [304]=Oop [312]=Oop }
                      ;*invokespecial append {reexecute=0 rethrow=0 return_oop=0}
                      ; - java.lang.StringBuilder::append@2
                      ; - java.lang.StringBuilder::append@5
                      ; - org.eclipse.osgi.internal.loader.BundleLoader::findClass0@303 (line 520)
  0x00000144c229d038: 4417 0f07 

  0x00000144c229d03c: ;   {other}
  0x00000144c229d03c: 0f1f 8400 | ac33 0028 | 4c8b 8424 | 2801 0000 

  0x00000144c229d04c: ;   {metadata(method data for {method} {0x000001451858c840} 'findClass0' '(Ljava/lang/String;ZZ)Ljava/lang/Class;' in 'org/eclipse/osgi/internal/loader/BundleLoader')}
  0x00000144c229d04c: 498b c048 | ba60 ed85 | 1845 0100 | 0048 8382 | 7008 0000 

  0x00000144c229d060: ;   {metadata(method data for {method} {0x00000144d6008958} 'toString' '()Ljava/lang/String;' in 'java/lang/StringBuilder')}
  0x00000144c229d060: 0148 ba68 | bb00 1845 | 0100 008b | b2cc 0000 | 0083 c602 | 89b2 cc00 | 0000 81e6 | feff 1f00 
  0x00000144c229d080: 85f6 0f84 | 8219 0000 

  0x00000144c229d088: ;   {metadata('java/lang/String')}
  0x00000144c229d088: 48ba 78e8 | 00d6 4401 | 0000 498b | 87b8 0100 | 0048 8d78 | 1849 3bbf | c801 0000 | 0f87 8119 
  0x00000144c229d0a8: 0000 4989 | bfb8 0100 | 0048 c700 | 0100 0000 | 488b ca49 | ba00 0000 | d644 0100 | 0049 2bca 
  0x00000144c229d0c8: 8948 0848 | 33c9 8948 | 0c48 33c9 | 4889 4810 

  0x00000144c229d0d8: ;   {metadata(method data for {method} {0x00000144d6008958} 'toString' '()Ljava/lang/String;' in 'java/lang/StringBuilder')}
  0x00000144c229d0d8: 488b d048 | be68 bb00 | 1845 0100 | 0048 8386 | 1001 0000 

  0x00000144c229d0ec: ;   {metadata(method data for {method} {0x00000144d64558c8} '<init>' '(Ljava/lang/StringBuilder;)V' in 'java/lang/String')}
  0x00000144c229d0ec: 0148 ba10 | bd00 1845 | 0100 008b | b2cc 0000 | 0083 c602 | 89b2 cc00 | 0000 81e6 | feff 1f00 
  0x00000144c229d10c: 85f6 0f84 | 2419 0000 

  0x00000144c229d114: ;   {metadata(method data for {method} {0x00000144d64558c8} '<init>' '(Ljava/lang/StringBuilder;)V' in 'java/lang/String')}
  0x00000144c229d114: 488b d048 | be10 bd00 | 1845 0100 | 0048 8386 | 1001 0000 

  0x00000144c229d128: ;   {oop(nullptr)}
  0x00000144c229d128: 0149 b900 | 0000 0000 | 0000 0048 | 8bd0 4889 | 8424 4001 

  0x00000144c229d13c: ;   {optimized virtual_call}
  0x00000144c229d13c: 0000 90e8 

  0x00000144c229d140: ; ImmutableOopMap {[160]=Oop [168]=Oop [184]=Oop [208]=Oop [304]=Oop [312]=Oop [320]=Oop }
                      ;*invokespecial <init> {reexecute=0 rethrow=0 return_oop=0}
                      ; - java.lang.String::<init>@3
                      ; - java.lang.StringBuilder::toString@5
                      ; - org.eclipse.osgi.internal.loader.BundleLoader::findClass0@306 (line 520)
  0x00000144c229d140: 3c16 0f07 

  0x00000144c229d144: ;   {other}
  0x00000144c229d144: 0f1f 8400 | b434 0029 | 4c8b 8c24 | 3801 0000 

  0x00000144c229d154: ; implicit exception: dispatches to 0x00000144c229ea59
  0x00000144c229d154: 493b 014d 

  0x00000144c229d158: ;   {metadata(method data for {method} {0x000001451858c840} 'findClass0' '(Ljava/lang/String;ZZ)Ljava/lang/Class;' in 'org/eclipse/osgi/internal/loader/BundleLoader')}
  0x00000144c229d158: 8bc1 48ba | 60ed 8518 | 4501 0000 

  0x00000144c229d164: ;   {metadata('org/eclipse/osgi/internal/debug/Debug')}
  0x00000144c229d164: 49ba 8009 | 09d7 4401 | 0000 4c89 | 92b8 0800 | 0048 8382 | c008 0000 

  0x00000144c229d17c: ;   {metadata(method data for {method} {0x00000145184e5400} 'trace' '(Ljava/lang/String;Ljava/lang/String;)V' in 'org/eclipse/osgi/internal/debug/Debug')}
  0x00000144c229d17c: 0149 b868 | 7d83 1845 | 0100 0041 | 8b90 cc00 | 0000 83c2 | 0241 8990 | cc00 0000 | 81e2 feff 
  0x00000144c229d19c: 1f00 85d2 | 0f84 b818 | 0000 418b | 5124 4885 

  0x00000144c229d1ac: ;   {metadata(method data for {method} {0x00000145184e5400} 'trace' '(Ljava/lang/String;Ljava/lang/String;)V' in 'org/eclipse/osgi/internal/debug/Debug')}
  0x00000144c229d1ac: d249 b868 | 7d83 1845 | 0100 0049 | c7c1 1001 | 0000 7407 | 49c7 c120 | 0100 004b | 8b34 0848 
  0x00000144c229d1cc: 8d76 014b | 8934 080f | 84f9 0200 | 0048 85d2 | 0f84 2900 

  0x00000144c229d1e0: ;   {metadata('org/eclipse/osgi/internal/log/ExtendedLogServiceImpl')}
  0x00000144c229d1e0: 0000 48bf | 4056 09d7 | 4401 0000 | 8b72 0849 | ba00 0000 | d644 0100 | 0049 03f2 | 483b 7e38 
  0x00000144c229d200: 0f85 7918 | 0000 e900 | 0000 004c | 8bc2 483b | 024c 8bc2 

  0x00000144c229d214: ;   {metadata(method data for {method} {0x00000145184e5400} 'trace' '(Ljava/lang/String;Ljava/lang/String;)V' in 'org/eclipse/osgi/internal/debug/Debug')}
  0x00000144c229d214: 49b9 687d | 8318 4501 

  0x00000144c229d21c: ;   {metadata('org/eclipse/osgi/internal/log/ExtendedLogServiceImpl')}
  0x00000144c229d21c: 0000 49ba | 4056 09d7 | 4401 0000 | 4d89 9140 | 0100 0049 | 8381 4801 

  0x00000144c229d234: ;   {metadata(method data for {method} {0x000001451850ca90} 'getLogger' '(Ljava/lang/String;)Lorg/osgi/service/log/Logger;' in 'org/eclipse/osgi/internal/log/ExtendedLogServiceImpl')}
  0x00000144c229d234: 0000 0149 | b800 a083 | 1845 0100 | 0045 8b88 | cc00 0000 | 4183 c102 | 4589 88cc | 0000 0041 
  0x00000144c229d254: 81e1 feff | 1f00 4585 | c90f 8426 | 1800 004c 

  0x00000144c229d264: ;   {metadata(method data for {method} {0x000001451850ca90} 'getLogger' '(Ljava/lang/String;)Lorg/osgi/service/log/Logger;' in 'org/eclipse/osgi/internal/log/ExtendedLogServiceImpl')}
  0x00000144c229d264: 8bc2 49b9 | 00a0 8318 | 4501 0000 

  0x00000144c229d270: ;   {metadata('org/eclipse/osgi/internal/log/ExtendedLogServiceImpl')}
  0x00000144c229d270: 49ba 4056 | 09d7 4401 | 0000 4d89 | 9120 0100 | 0049 8381 | 2801 0000 

  0x00000144c229d288: ;   {metadata(method data for {method} {0x000001451850a318} 'getLogger' '(Ljava/lang/String;)Lorg/eclipse/equinox/log/Logger;' in 'org/eclipse/osgi/internal/log/ExtendedLogServiceImpl')}
  0x00000144c229d288: 0149 b890 | a183 1845 | 0100 0045 | 8b88 cc00 | 0000 4183 | c102 4589 | 88cc 0000 | 0041 81e1 
  0x00000144c229d2a8: feff 1f00 | 4585 c90f | 84f5 1700 | 004c 8bc2 

  0x00000144c229d2b8: ;   {metadata(method data for {method} {0x000001451850a318} 'getLogger' '(Ljava/lang/String;)Lorg/eclipse/equinox/log/Logger;' in 'org/eclipse/osgi/internal/log/ExtendedLogServiceImpl')}
  0x00000144c229d2b8: 49b9 90a1 | 8318 4501 

  0x00000144c229d2c0: ;   {metadata('org/eclipse/osgi/internal/log/ExtendedLogServiceImpl')}
  0x00000144c229d2c0: 0000 49ba | 4056 09d7 | 4401 0000 | 4d89 9120 | 0100 0049 | 8381 2801 | 0000 014c | 8b84 24d0 
  0x00000144c229d2e0: ;   {oop(a 'java/lang/Class'{0x00000000d71ba760} = 'org/osgi/service/log/Logger')}
  0x00000144c229d2e0: 0000 0049 | b960 a71b | d700 0000 

  0x00000144c229d2ec: ;   {optimized virtual_call}
  0x00000144c229d2ec: 0066 90e8 

  0x00000144c229d2f0: ; ImmutableOopMap {[160]=Oop [168]=Oop [184]=Oop [208]=Oop [304]=Oop [320]=Oop }
                      ;*invokevirtual getLogger {reexecute=0 rethrow=0 return_oop=0}
                      ; - org.eclipse.osgi.internal.log.ExtendedLogServiceImpl::getLogger@4 (line 73)
                      ; - org.eclipse.osgi.internal.log.ExtendedLogServiceImpl::getLogger@2 (line 1)
                      ; - org.eclipse.osgi.internal.debug.Debug::trace@11 (line 265)
                      ; - org.eclipse.osgi.internal.loader.BundleLoader::findClass0@309 (line 519)
  0x00000144c229d2f0: 8c14 0f07 

  0x00000144c229d2f4: ;   {other}
  0x00000144c229d2f4: 0f1f 8400 | 6436 002a | 4885 c075 

  0x00000144c229d300: ;   {metadata(method data for {method} {0x000001451850a318} 'getLogger' '(Ljava/lang/String;)Lorg/eclipse/equinox/log/Logger;' in 'org/eclipse/osgi/internal/log/ExtendedLogServiceImpl')}
  0x00000144c229d300: 1648 be90 | a183 1845 | 0100 0080 | 8e41 0100 | 0001 e9e7 

  0x00000144c229d314: ;   {metadata('org/eclipse/equinox/log/Logger')}
  0x00000144c229d314: 0000 0048 | bff8 2909 | d744 0100 | 008b 7008 | 49ba 0000 | 00d6 4401 | 0000 4903 | f248 3b7e 
  0x00000144c229d334: 200f 841a | 0000 0048 | 3bf7 0f84 | 1100 0000 

  0x00000144c229d344: ;   {runtime_call slow_subtype_check Runtime1 stub}
  0x00000144c229d344: 5657 e835 | 321a 075e | 5e85 f60f | 848d 0000 

  0x00000144c229d354: ;   {metadata(method data for {method} {0x000001451850a318} 'getLogger' '(Ljava/lang/String;)Lorg/eclipse/equinox/log/Logger;' in 'org/eclipse/osgi/internal/log/ExtendedLogServiceImpl')}
  0x00000144c229d354: 0048 be90 | a183 1845 | 0100 008b | 7808 49ba | 0000 00d6 | 4401 0000 | 4903 fa48 | 3bbe 5801 
  0x00000144c229d374: 0000 750d | 4883 8660 | 0100 0001 | e979 0000 | 0048 3bbe | 6801 0000 | 750d 4883 | 8670 0100 
  0x00000144c229d394: 0001 e963 | 0000 0048 | 83be 5801 | 0000 0075 | 1748 89be | 5801 0000 | 48c7 8660 | 0100 0001 
  0x00000144c229d3b4: 0000 00e9 | 4200 0000 | 4883 be68 | 0100 0000 | 7517 4889 | be68 0100 | 0048 c786 | 7001 0000 
  0x00000144c229d3d4: 0100 0000 | e921 0000 | 00e9 1c00 

  0x00000144c229d3e0: ;   {metadata(method data for {method} {0x000001451850a318} 'getLogger' '(Ljava/lang/String;)Lorg/eclipse/equinox/log/Logger;' in 'org/eclipse/osgi/internal/log/ExtendedLogServiceImpl')}
  0x00000144c229d3e0: 0000 48be | 90a1 8318 | 4501 0000 | 4883 ae48 | 0100 0001 | e9d2 1600 | 00e9 0000 | 0000 488b 
  0x00000144c229d400: d048 3b02 

  0x00000144c229d404: ;   {metadata(method data for {method} {0x00000145184e5400} 'trace' '(Ljava/lang/String;Ljava/lang/String;)V' in 'org/eclipse/osgi/internal/debug/Debug')}
  0x00000144c229d404: 4c8b c248 | be68 7d83 | 1845 0100 | 0045 8b40 | 0849 ba00 | 0000 d644 | 0100 004d | 03c2 4c3b 
  0x00000144c229d424: 8678 0100 | 0075 0d48 | 8386 8001 | 0000 01e9 | 6000 0000 | 4c3b 8688 | 0100 0075 | 0d48 8386 
  0x00000144c229d444: 9001 0000 | 01e9 4a00 | 0000 4883 | be78 0100 | 0000 7517 | 4c89 8678 | 0100 0048 | c786 8001 
  0x00000144c229d464: 0000 0100 | 0000 e929 | 0000 0048 | 83be 8801 | 0000 0075 | 174c 8986 | 8801 0000 | 48c7 8690 
  0x00000144c229d484: 0100 0001 | 0000 00e9 | 0800 0000 | 4883 8668 | 0100 0001 | 4c8b 8424 | 4001 0000 | 0f1f 4400 
  0x00000144c229d4a4: 0048 b8ff | ffff ffff 

  0x00000144c229d4ac: ;   {virtual_call}
  0x00000144c229d4ac: ffff ffe8 

  0x00000144c229d4b0: ; ImmutableOopMap {[160]=Oop [168]=Oop [184]=Oop [208]=Oop [304]=Oop }
                      ;*invokeinterface debug {reexecute=0 rethrow=0 return_oop=0}
                      ; - org.eclipse.osgi.internal.debug.Debug::trace@17 (line 265)
                      ; - org.eclipse.osgi.internal.loader.BundleLoader::findClass0@309 (line 519)
  0x00000144c229d4b0: cc15 0f07 

  0x00000144c229d4b4: ;   {other}
  0x00000144c229d4b4: 0f1f 8400 | 2438 002b 

  0x00000144c229d4bc: ;   {metadata(method data for {method} {0x00000145184e5400} 'trace' '(Ljava/lang/String;Ljava/lang/String;)V' in 'org/eclipse/osgi/internal/debug/Debug')}
  0x00000144c229d4bc: 49b8 687d | 8318 4501 | 0000 41ff | 80a0 0100 | 00e9 5200 | 0000 488b | 8424 4001 

  0x00000144c229d4d8: ;   {oop(a 'java/lang/Class'{0x00000000d71bb8f0} = 'org/eclipse/osgi/internal/debug/Debug')}
  0x00000144c229d4d8: 0000 49b8 | f0b8 1bd7 | 0000 0000 | 418b 90d0 | 0000 0048 | 3b02 4c8b 

  0x00000144c229d4f0: ;   {metadata(method data for {method} {0x00000145184e5400} 'trace' '(Ljava/lang/String;Ljava/lang/String;)V' in 'org/eclipse/osgi/internal/debug/Debug')}
  0x00000144c229d4f0: c248 be68 | 7d83 1845 

  0x00000144c229d4f8: ;   {metadata('java/io/PrintStream')}
  0x00000144c229d4f8: 0100 0049 | bac8 a300 | d644 0100 | 004c 8996 | c801 0000 | 4883 86d0 | 0100 0001 

  0x00000144c229d514: ;   {optimized virtual_call}
  0x00000144c229d514: 4c8b c0e8 

  0x00000144c229d518: ; ImmutableOopMap {[160]=Oop [168]=Oop [184]=Oop [208]=Oop [304]=Oop }
                      ;*invokevirtual println {reexecute=0 rethrow=0 return_oop=0}
                      ; - org.eclipse.osgi.internal.debug.Debug::trace@29 (line 267)
                      ; - org.eclipse.osgi.internal.loader.BundleLoader::findClass0@309 (line 519)
  0x00000144c229d518: 6412 0f07 

  0x00000144c229d51c: ;   {other}
  0x00000144c229d51c: 0f1f 8400 | 8c38 002c | 488b 8424 | 3001 0000 

  0x00000144c229d52c: ; implicit exception: dispatches to 0x00000144c229eade
  0x00000144c229d52c: 483b 004c 

  0x00000144c229d530: ;   {metadata(method data for {method} {0x000001451858c840} 'findClass0' '(Ljava/lang/String;ZZ)Ljava/lang/Class;' in 'org/eclipse/osgi/internal/loader/BundleLoader')}
  0x00000144c229d530: 8bc0 48ba | 60ed 8518 | 4501 0000 | 458b 4008 | 49ba 0000 | 00d6 4401 | 0000 4d03 | c24c 3b82 
  0x00000144c229d550: f008 0000 | 750d 4883 | 82f8 0800 | 0001 e960 | 0000 004c | 3b82 0009 | 0000 750d | 4883 8208 
  0x00000144c229d570: 0900 0001 | e94a 0000 | 0048 83ba | f008 0000 | 0075 174c | 8982 f008 | 0000 48c7 | 82f8 0800 
  0x00000144c229d590: 0001 0000 | 00e9 2900 | 0000 4883 | ba00 0900 | 0000 7517 | 4c89 8200 | 0900 0048 | c782 0809 
  0x00000144c229d5b0: 0000 0100 | 0000 e908 | 0000 0048 | 8382 e008 | 0000 014c | 8b84 24a0 | 0000 0048 | 8bd0 0f1f 
  0x00000144c229d5d0: 8000 0000 | 0048 b8ff | ffff ffff 

  0x00000144c229d5dc: ;   {virtual_call}
  0x00000144c229d5dc: ffff ffe8 

  0x00000144c229d5e0: ; ImmutableOopMap {[160]=Oop [168]=Oop [184]=Oop [208]=Oop [304]=Oop }
                      ;*invokevirtual loadClass {reexecute=0 rethrow=0 return_oop=0}
                      ; - org.eclipse.osgi.internal.loader.BundleLoader::findClass0@315 (line 523)
  0x00000144c229d5e0: 7cdd 0e07 

  0x00000144c229d5e4: ;   {other}
  0x00000144c229d5e4: 0f1f 8400 | 5439 002d | 488b f048 

  0x00000144c229d5f0: ;   {metadata(method data for {method} {0x000001451858c840} 'findClass0' '(Ljava/lang/String;ZZ)Ljava/lang/Class;' in 'org/eclipse/osgi/internal/loader/BundleLoader')}
  0x00000144c229d5f0: 85f6 49b8 | 60ed 8518 | 4501 0000 | 48c7 c218 | 0900 0075 | 0748 c7c2 | 2809 0000 | 498b 3c10 
  0x00000144c229d610: 488d 7f01 | 4989 3c10 | 0f85 c900 | 0000 488b | 9424 a800 

  0x00000144c229d624: ;   {metadata(method data for {method} {0x000001451858c840} 'findClass0' '(Ljava/lang/String;ZZ)Ljava/lang/Class;' in 'org/eclipse/osgi/internal/loader/BundleLoader')}
  0x00000144c229d624: 0000 49b8 | 60ed 8518 | 4501 0000 | 8b52 0849 | ba00 0000 | d644 0100 | 0049 03d2 | 493b 9048 
  0x00000144c229d644: 0900 0075 | 0d49 8380 | 5009 0000 | 01e9 6000 | 0000 493b | 9058 0900 | 0075 0d49 | 8380 6009 
  0x00000144c229d664: 0000 01e9 | 4a00 0000 | 4983 b848 | 0900 0000 | 7517 4989 | 9048 0900 | 0049 c780 | 5009 0000 
  0x00000144c229d684: 0100 0000 | e929 0000 | 0049 83b8 | 5809 0000 | 0075 1749 | 8990 5809 | 0000 49c7 | 8060 0900 
  0x00000144c229d6a4: 0001 0000 | 00e9 0800 | 0000 4983 | 8038 0900 | 0001 4c8b | 8424 a000 | 0000 488b | 9424 a800 
  0x00000144c229d6c4: 0000 0f1f | 8000 0000 | 0048 b8ff | ffff ffff 

  0x00000144c229d6d4: ;   {virtual_call}
  0x00000144c229d6d4: ffff ffe8 

  0x00000144c229d6d8: ; ImmutableOopMap {[160]=Oop [168]=Oop [184]=Oop [208]=Oop [304]=Oop }
                      ;*invokevirtual findLocalClass {reexecute=0 rethrow=0 return_oop=0}
                      ; - org.eclipse.osgi.internal.loader.BundleLoader::findClass0@327 (line 527)
  0x00000144c229d6d8: 44dc 0e07 

  0x00000144c229d6dc: ;   {other}
  0x00000144c229d6dc: 0f1f 8400 | 4c3a 002e | 488b f048 

  0x00000144c229d6e8: ;   {metadata(method data for {method} {0x000001451858c840} 'findClass0' '(Ljava/lang/String;ZZ)Ljava/lang/Class;' in 'org/eclipse/osgi/internal/loader/BundleLoader')}
  0x00000144c229d6e8: 85f6 49b8 | 60ed 8518 | 4501 0000 | 48c7 c280 | 0900 0075 | 0748 c7c2 | 7009 0000 | 498b 3c10 
  0x00000144c229d708: 488d 7f01 | 4989 3c10 | 0f85 5408 | 0000 488b | 8424 3001 | 0000 4885 

  0x00000144c229d720: ;   {metadata(method data for {method} {0x000001451858c840} 'findClass0' '(Ljava/lang/String;ZZ)Ljava/lang/Class;' in 'org/eclipse/osgi/internal/loader/BundleLoader')}
  0x00000144c229d720: c049 b860 | ed85 1845 | 0100 0048 | c7c2 9009 | 0000 7507 | 48c7 c2a0 | 0900 0049 | 8b3c 1048 
  0x00000144c229d740: 8d7f 0149 | 893c 100f | 857e 0000 | 0048 89b4 | 2448 0100 | 0048 8bb4 | 24b8 0000 | 0048 8b94 
  0x00000144c229d760: 24a8 0000 

  0x00000144c229d764: ;   {metadata(method data for {method} {0x000001451858c840} 'findClass0' '(Ljava/lang/String;ZZ)Ljava/lang/Class;' in 'org/eclipse/osgi/internal/loader/BundleLoader')}
  0x00000144c229d764: 0049 b860 | ed85 1845 | 0100 0049 | 8380 b009 | 0000 014c | 8bc6 488b | 9424 a800 | 0000 0f1f 
  0x00000144c229d784: ;   {optimized virtual_call}
  0x00000144c229d784: 4400 00e8 

  0x00000144c229d788: ; ImmutableOopMap {[160]=Oop [168]=Oop [208]=Oop [328]=Oop }
                      ;*invokespecial findDynamicSource {reexecute=0 rethrow=0 return_oop=0}
                      ; - org.eclipse.osgi.internal.loader.BundleLoader::findClass0@348 (line 533)
  0x00000144c229d788: 7717 0000 

  0x00000144c229d78c: ;   {other}
  0x00000144c229d78c: 0f1f 8400 | fc3a 002f 

  0x00000144c229d794: ;   {metadata(method data for {method} {0x000001451858c840} 'findClass0' '(Ljava/lang/String;ZZ)Ljava/lang/Class;' in 'org/eclipse/osgi/internal/loader/BundleLoader')}
  0x00000144c229d794: 4885 c049 | b860 ed85 | 1845 0100 | 0049 c7c1 | d009 0000 | 7507 49c7 | c1c0 0900 | 004b 8b14 
  0x00000144c229d7b4: 0848 8d52 | 014b 8914 | 080f 8583 | 0100 0048 | 8bb4 2448 | 0100 0048 

  0x00000144c229d7cc: ;   {metadata(method data for {method} {0x000001451858c840} 'findClass0' '(Ljava/lang/String;ZZ)Ljava/lang/Class;' in 'org/eclipse/osgi/internal/loader/BundleLoader')}
  0x00000144c229d7cc: 85f6 49b8 | 60ed 8518 | 4501 0000 | 49c7 c148 | 0a00 0075 | 0749 c7c1 | 580a 0000 | 4b8b 1408 
  0x00000144c229d7ec: 488d 5201 | 4b89 1408 | 0f85 7202 | 0000 4889 | b424 4801 | 0000 488b | 9424 a800 

  0x00000144c229d808: ;   {metadata(method data for {method} {0x000001451858c840} 'findClass0' '(Ljava/lang/String;ZZ)Ljava/lang/Class;' in 'org/eclipse/osgi/internal/loader/BundleLoader')}
  0x00000144c229d808: 0000 49b8 | 60ed 8518 | 4501 0000 | 4983 8068 | 0a00 0001 | 4c8b 8424 | a000 0000 | 41b9 0200 
  0x00000144c229d828: 0000 488b | 9424 a800 | 0000 0f1f 

  0x00000144c229d834: ;   {optimized virtual_call}
  0x00000144c229d834: 4400 00e8 

  0x00000144c229d838: ; ImmutableOopMap {[160]=Oop [168]=Oop [208]=Oop [328]=Oop }
                      ;*invokespecial searchHooks {reexecute=0 rethrow=0 return_oop=0}
                      ; - org.eclipse.osgi.internal.loader.BundleLoader::findClass0@391 (line 544)
  0x00000144c229d838: e516 0000 

  0x00000144c229d83c: ;   {other}
  0x00000144c229d83c: 0f1f 8400 | ac3b 0030 | 4885 c075 

  0x00000144c229d848: ;   {metadata(method data for {method} {0x000001451858c840} 'findClass0' '(Ljava/lang/String;ZZ)Ljava/lang/Class;' in 'org/eclipse/osgi/internal/loader/BundleLoader')}
  0x00000144c229d848: 1648 be60 | ed85 1845 | 0100 0080 | 8e71 0a00 | 0001 e9cc 

  0x00000144c229d85c: ;   {metadata('java/lang/Class')}
  0x00000144c229d85c: 0000 0048 | bf50 6b00 | d644 0100 | 008b 5008 | 49ba 0000 | 00d6 4401 | 0000 4903 | d248 3bfa 
  0x00000144c229d87c: 0f85 8d00 

  0x00000144c229d880: ;   {metadata(method data for {method} {0x000001451858c840} 'findClass0' '(Ljava/lang/String;ZZ)Ljava/lang/Class;' in 'org/eclipse/osgi/internal/loader/BundleLoader')}
  0x00000144c229d880: 0000 48be | 60ed 8518 | 4501 0000 | 8b78 0849 | ba00 0000 | d644 0100 | 0049 03fa | 483b be88 
  0x00000144c229d8a0: 0a00 0075 | 0d48 8386 | 900a 0000 | 01e9 7900 | 0000 483b | be98 0a00 | 0075 0d48 | 8386 a00a 
  0x00000144c229d8c0: 0000 01e9 | 6300 0000 | 4883 be88 | 0a00 0000 | 7517 4889 | be88 0a00 | 0048 c786 | 900a 0000 
  0x00000144c229d8e0: 0100 0000 | e942 0000 | 0048 83be | 980a 0000 | 0075 1748 | 89be 980a | 0000 48c7 | 86a0 0a00 
  0x00000144c229d900: 0001 0000 | 00e9 2100 | 0000 e91c 

  0x00000144c229d90c: ;   {metadata(method data for {method} {0x000001451858c840} 'findClass0' '(Ljava/lang/String;ZZ)Ljava/lang/Class;' in 'org/eclipse/osgi/internal/loader/BundleLoader')}
  0x00000144c229d90c: 0000 0048 | be60 ed85 | 1845 0100 | 0048 83ae | 780a 0000 | 01e9 bd11 | 0000 e900 | 0000 004c 
  0x00000144c229d92c: ;   {metadata(method data for {method} {0x000001451858c840} 'findClass0' '(Ljava/lang/String;ZZ)Ljava/lang/Class;' in 'org/eclipse/osgi/internal/loader/BundleLoader')}
  0x00000144c229d92c: 8bc0 48ba | 60ed 8518 | 4501 0000 | ff82 b00a | 0000 498b | f0e9 2601 | 0000 483b | 004c 8bc0 
  0x00000144c229d94c: ;   {metadata(method data for {method} {0x000001451858c840} 'findClass0' '(Ljava/lang/String;ZZ)Ljava/lang/Class;' in 'org/eclipse/osgi/internal/loader/BundleLoader')}
  0x00000144c229d94c: 48ba 60ed | 8518 4501 | 0000 458b | 4008 49ba | 0000 00d6 | 4401 0000 | 4d03 c24c | 3b82 f009 
  0x00000144c229d96c: 0000 750d | 4883 82f8 | 0900 0001 | e960 0000 | 004c 3b82 | 000a 0000 | 750d 4883 | 8208 0a00 
  0x00000144c229d98c: 0001 e94a | 0000 0048 | 83ba f009 | 0000 0075 | 174c 8982 | f009 0000 | 48c7 82f8 | 0900 0001 
  0x00000144c229d9ac: 0000 00e9 | 2900 0000 | 4883 ba00 | 0a00 0000 | 7517 4c89 | 8200 0a00 | 0048 c782 | 080a 0000 
  0x00000144c229d9cc: 0100 0000 | e908 0000 | 0048 8382 | e009 0000 | 014c 8b84 | 24a0 0000 | 0048 8bd0 | 0f1f 4400 
  0x00000144c229d9ec: 0048 b8ff | ffff ffff 

  0x00000144c229d9f4: ;   {virtual_call}
  0x00000144c229d9f4: ffff ffe8 

  0x00000144c229d9f8: ; ImmutableOopMap {[160]=Oop [168]=Oop [208]=Oop }
                      ;*invokevirtual loadClass {reexecute=0 rethrow=0 return_oop=0}
                      ; - org.eclipse.osgi.internal.loader.BundleLoader::findClass0@361 (line 535)
  0x00000144c229d9f8: 8410 0f07 

  0x00000144c229d9fc: ;   {other}
  0x00000144c229d9fc: 0f1f 8400 | 6c3d 0031 

  0x00000144c229da04: ;   {metadata(method data for {method} {0x000001451858c840} 'findClass0' '(Ljava/lang/String;ZZ)Ljava/lang/Class;' in 'org/eclipse/osgi/internal/loader/BundleLoader')}
  0x00000144c229da04: 4885 c049 | b860 ed85 | 1845 0100 | 0048 c7c2 | 180a 0000 | 7407 48c7 | c228 0a00 | 0049 8b34 
  0x00000144c229da24: 1048 8d76 | 0149 8934 | 100f 84d6 | 0400 0048 | 81c4 7001 

  0x00000144c229da38: ;   {poll_return}
  0x00000144c229da38: 0000 5d49 | 3ba7 5004 | 0000 0f87 | a910 0000 | c349 8b87 | 0005 0000 | 4d33 d24d | 8997 0005 
  0x00000144c229da58: 0000 4d33 | d24d 8997 | 0805 0000 | 488b b424 | 4801 0000 

  0x00000144c229da6c: ;   {metadata(method data for {method} {0x000001451858c840} 'findClass0' '(Ljava/lang/String;ZZ)Ljava/lang/Class;' in 'org/eclipse/osgi/internal/loader/BundleLoader')}
  0x00000144c229da6c: 4885 f649 | b860 ed85 | 1845 0100 | 0048 c7c2 | c80a 0000 | 7507 48c7 | c2d8 0a00 | 0049 8b3c 
  0x00000144c229da8c: 1048 8d7f | 0149 893c | 100f 8584 | 0000 0048 | 8b94 24a8 | 0000 008b | 7a1c 4885 

  0x00000144c229daa8: ;   {metadata(method data for {method} {0x000001451858c840} 'findClass0' '(Ljava/lang/String;ZZ)Ljava/lang/Class;' in 'org/eclipse/osgi/internal/loader/BundleLoader')}
  0x00000144c229daa8: ff49 b860 | ed85 1845 | 0100 0048 | c7c3 e80a | 0000 7407 | 48c7 c3f8 | 0a00 0049 | 8b04 1848 
  0x00000144c229dac8: 8d40 0149 | 8904 180f | 844a 0000 | 0048 3b07 

  0x00000144c229dad8: ;   {metadata(method data for {method} {0x000001451858c840} 'findClass0' '(Ljava/lang/String;ZZ)Ljava/lang/Class;' in 'org/eclipse/osgi/internal/loader/BundleLoader')}
  0x00000144c229dad8: 4c8b c748 | be60 ed85 | 1845 0100 

  0x00000144c229dae4: ;   {metadata('org/eclipse/osgi/internal/loader/buddy/PolicyHandler')}
  0x00000144c229dae4: 0049 ba20 | f712 d744 | 0100 004c | 8996 180b | 0000 4883 | 8620 0b00 | 0001 4c8b | 8424 a000 
  0x00000144c229db04: 0000 488b | d766 0f1f 

  0x00000144c229db0c: ;   {optimized virtual_call}
  0x00000144c229db0c: 4400 00e8 

  0x00000144c229db10: ; ImmutableOopMap {[160]=Oop [168]=Oop [208]=Oop }
                      ;*invokevirtual doBuddyClassLoading {reexecute=0 rethrow=0 return_oop=0}
                      ; - org.eclipse.osgi.internal.loader.BundleLoader::findClass0@421 (line 550)
  0x00000144c229db10: 6c0c 0f07 

  0x00000144c229db14: ;   {other}
  0x00000144c229db14: 0f1f 8400 | 843e 0032 | 488b f048 

  0x00000144c229db20: ;   {metadata(method data for {method} {0x000001451858c840} 'findClass0' '(Ljava/lang/String;ZZ)Ljava/lang/Class;' in 'org/eclipse/osgi/internal/loader/BundleLoader')}
  0x00000144c229db20: 85f6 48ba | 60ed 8518 | 4501 0000 | 48c7 c750 | 0b00 0075 | 0748 c7c7 | 400b 0000 | 488b 1c3a 
  0x00000144c229db40: 488d 5b01 | 4889 1c3a | 0f85 8c03 | 0000 448b | 8c24 b000 | 0000 4585 

  0x00000144c229db58: ;   {metadata(method data for {method} {0x000001451858c840} 'findClass0' '(Ljava/lang/String;ZZ)Ljava/lang/Class;' in 'org/eclipse/osgi/internal/loader/BundleLoader')}
  0x00000144c229db58: c948 ba60 | ed85 1845 | 0100 0048 | c7c6 700b | 0000 7507 | 48c7 c660 | 0b00 0048 | 8b3c 3248 
  0x00000144c229db78: 8d7f 0148 | 893c 320f | 8524 0000 | 0048 8b9c | 24d0 0000 | 008b bc24 | b400 0000 | 4c8b 8424 
  0x00000144c229db98: a000 0000 | 488b 9424 | a800 0000 | e95b 0600 | 0048 8b94 | 24a8 0000 | 008b 7248 

  0x00000144c229dbb4: ;   {metadata(method data for {method} {0x000001451858c840} 'findClass0' '(Ljava/lang/String;ZZ)Ljava/lang/Class;' in 'org/eclipse/osgi/internal/loader/BundleLoader')}
  0x00000144c229dbb4: 4885 f648 | be60 ed85 | 1845 0100 | 0048 c7c7 | 900b 0000 | 7507 48c7 | c780 0b00 | 0048 8b1c 
  0x00000144c229dbd4: 3e48 8d5b | 0148 891c | 3e0f 851c | 0000 0048 | 8b9c 24d0 | 0000 008b | bc24 b400 | 0000 4c8b 
  0x00000144c229dbf4: 8424 a000 | 0000 e905 | 0600 008b | b424 e000 | 0000 85f6 

  0x00000144c229dc08: ;   {metadata(method data for {method} {0x000001451858c840} 'findClass0' '(Ljava/lang/String;ZZ)Ljava/lang/Class;' in 'org/eclipse/osgi/internal/loader/BundleLoader')}
  0x00000144c229dc08: 48be 60ed | 8518 4501 | 0000 48c7 | c7b0 0b00 | 0074 0748 | c7c7 a00b | 0000 488b | 1c3e 488d 
  0x00000144c229dc28: 5b01 4889 | 1c3e 0f84 | 1c00 0000 | 488b 9c24 | d000 0000 | 8bbc 24b4 | 0000 004c | 8b84 24a0 
  0x00000144c229dc48: 0000 00e9 | b405 0000 | 8b72 1448 | 3b06 488b 

  0x00000144c229dc58: ;   {metadata(method data for {method} {0x000001451858c840} 'findClass0' '(Ljava/lang/String;ZZ)Ljava/lang/Class;' in 'org/eclipse/osgi/internal/loader/BundleLoader')}
  0x00000144c229dc58: fe48 bb60 | ed85 1845 

  0x00000144c229dc60: ;   {metadata('org/eclipse/osgi/internal/framework/EquinoxContainer')}
  0x00000144c229dc60: 0100 0049 | ba00 b008 | d744 0100 | 004c 8993 | d00b 0000 | 4883 83d8 | 0b00 0001 | 8b76 140f 
  0x00000144c229dc80: be76 1e85 

  0x00000144c229dc84: ;   {metadata(method data for {method} {0x000001451858c840} 'findClass0' '(Ljava/lang/String;ZZ)Ljava/lang/Class;' in 'org/eclipse/osgi/internal/loader/BundleLoader')}
  0x00000144c229dc84: f648 be60 | ed85 1845 | 0100 0048 | c7c7 f80b | 0000 7507 | 48c7 c708 | 0c00 0048 | 8b1c 3e48 
  0x00000144c229dca4: 8d5b 0148 | 891c 3e0f | 858a 0000 | 0048 8bf2 

  0x00000144c229dcb4: ;   {metadata(method data for {method} {0x000001451858c840} 'findClass0' '(Ljava/lang/String;ZZ)Ljava/lang/Class;' in 'org/eclipse/osgi/internal/loader/BundleLoader')}
  0x00000144c229dcb4: 48bf 60ed | 8518 4501 | 0000 4883 | 8718 0c00 | 0001 488b | f248 8bd6 

  0x00000144c229dccc: ;   {optimized virtual_call}
  0x00000144c229dccc: 6666 90e8 

  0x00000144c229dcd0: ; ImmutableOopMap {[160]=Oop [168]=Oop [208]=Oop }
                      ;*invokespecial isRequestFromVM {reexecute=0 rethrow=0 return_oop=0}
                      ; - org.eclipse.osgi.internal.loader.BundleLoader::findClass0@464 (line 556)
  0x00000144c229dcd0: ac0a 0f07 

  0x00000144c229dcd4: ;   {other}
  0x00000144c229dcd4: 0f1f 8400 | 4440 0033 

  0x00000144c229dcdc: ;   {metadata(method data for {method} {0x000001451858c840} 'findClass0' '(Ljava/lang/String;ZZ)Ljava/lang/Class;' in 'org/eclipse/osgi/internal/loader/BundleLoader')}
  0x00000144c229dcdc: 85c0 49b8 | 60ed 8518 | 4501 0000 | 49c7 c128 | 0c00 0074 | 0749 c7c1 | 380c 0000 | 4b8b 1408 
  0x00000144c229dcfc: 488d 5201 | 4b89 1408 | 0f84 0d00 | 0000 488b | 9424 a800 | 0000 e924 | 0000 0048 | 8b9c 24d0 
  0x00000144c229dd1c: 0000 008b | bc24 b400 | 0000 4c8b | 8424 a000 | 0000 488b | 9424 a800 | 0000 e9c9 | 0400 008b 
  0x00000144c229dd3c: 7248 483b | 064c 8bc6 

  0x00000144c229dd44: ;   {metadata(method data for {method} {0x000001451858c840} 'findClass0' '(Ljava/lang/String;ZZ)Ljava/lang/Class;' in 'org/eclipse/osgi/internal/loader/BundleLoader')}
  0x00000144c229dd44: 49b9 60ed | 8518 4501 | 0000 458b | 4008 49ba | 0000 00d6 | 4401 0000 | 4d03 c24d | 3b81 580c 
  0x00000144c229dd64: 0000 750d | 4983 8160 | 0c00 0001 | e960 0000 | 004d 3b81 | 680c 0000 | 750d 4983 | 8170 0c00 
  0x00000144c229dd84: 0001 e94a | 0000 0049 | 83b9 580c | 0000 0075 | 174d 8981 | 580c 0000 | 49c7 8160 | 0c00 0001 
  0x00000144c229dda4: 0000 00e9 | 2900 0000 | 4983 b968 | 0c00 0000 | 7517 4d89 | 8168 0c00 | 0049 c781 | 700c 0000 
  0x00000144c229ddc4: 0100 0000 | e908 0000 | 0049 8381 | 480c 0000 

  0x00000144c229ddd4: ;   {metadata(method data for {method} {0x00000144d60143f0} 'loadClass' '(Ljava/lang/String;)Ljava/lang/Class;' in 'java/lang/ClassLoader')}
  0x00000144c229ddd4: 0149 b870 | a42a 1845 | 0100 0045 | 8b88 cc00 | 0000 4183 | c102 4589 | 88cc 0000 | 0041 81e1 
  0x00000144c229ddf4: feff 1f00 | 4585 c90f | 841a 0d00 | 004c 8bc6 

  0x00000144c229de04: ;   {metadata(method data for {method} {0x00000144d60143f0} 'loadClass' '(Ljava/lang/String;)Ljava/lang/Class;' in 'java/lang/ClassLoader')}
  0x00000144c229de04: 49b9 70a4 | 2a18 4501 | 0000 458b | 4008 49ba | 0000 00d6 | 4401 0000 | 4d03 c24d | 3b81 2001 
  0x00000144c229de24: 0000 750d | 4983 8128 | 0100 0001 | e960 0000 | 004d 3b81 | 3001 0000 | 750d 4983 | 8138 0100 
  0x00000144c229de44: 0001 e94a | 0000 0049 | 83b9 2001 | 0000 0075 | 174d 8981 | 2001 0000 | 49c7 8128 | 0100 0001 
  0x00000144c229de64: 0000 00e9 | 2900 0000 | 4983 b930 | 0100 0000 | 7517 4d89 | 8130 0100 | 0049 c781 | 3801 0000 
  0x00000144c229de84: 0100 0000 | e908 0000 | 0049 8381 | 1001 0000 | 014c 8b84 | 24a0 0000 | 0041 b900 | 0000 0048 
  0x00000144c229dea4: 8bd6 0f1f | 8000 0000 | 0048 b8f8 | 8206 d644 

  0x00000144c229deb4: ;   {virtual_call}
  0x00000144c229deb4: 0100 00e8 

  0x00000144c229deb8: ; ImmutableOopMap {[160]=Oop [168]=Oop [208]=Oop }
                      ;*invokevirtual loadClass {reexecute=0 rethrow=0 return_oop=0}
                      ; - java.lang.ClassLoader::loadClass@3
                      ; - org.eclipse.osgi.internal.loader.BundleLoader::findClass0@475 (line 559)
  0x00000144c229deb8: a41b d2ff 

  0x00000144c229debc: ;   {other}
  0x00000144c229debc: 0f1f 8400 | 2c42 0034 | 4881 c470 | 0100 005d 

  0x00000144c229decc: ;   {poll_return}
  0x00000144c229decc: 493b a750 | 0400 000f | 8763 0c00 | 00c3 488b | c648 81c4 | 7001 0000 

  0x00000144c229dee4: ;   {poll_return}
  0x00000144c229dee4: 5d49 3ba7 | 5004 0000 | 0f87 600c | 0000 c348 | 81c4 7001 

  0x00000144c229def8: ;   {poll_return}
  0x00000144c229def8: 0000 5d49 | 3ba7 5004 | 0000 0f87 | 600c 0000 | c348 8b94 | 24a8 0000 

  0x00000144c229df10: ;   {metadata(method data for {method} {0x000001451858c840} 'findClass0' '(Ljava/lang/String;ZZ)Ljava/lang/Class;' in 'org/eclipse/osgi/internal/loader/BundleLoader')}
  0x00000144c229df10: 0049 b860 | ed85 1845 | 0100 0049 | 8380 380a | 0000 014c | 8b84 24a0 | 0000 0044 | 8b8c 24b4 
  0x00000144c229df30: 0000 0048 | 8bbc 24d0 | 0000 0048 | 8b94 24a8 | 0000 000f 

  0x00000144c229df44: ;   {optimized virtual_call}
  0x00000144c229df44: 1f40 00e8 

  0x00000144c229df48: ; ImmutableOopMap {}
                      ;*invokespecial generateException {reexecute=0 rethrow=0 return_oop=0}
                      ; - org.eclipse.osgi.internal.loader.BundleLoader::findClass0@379 (line 538)
  0x00000144c229df48: 3408 0f07 

  0x00000144c229df4c: ;   {other}
  0x00000144c229df4c: 0f1f 8400 | bc42 0035 | 4881 c470 | 0100 005d 

  0x00000144c229df5c: ;   {poll_return}
  0x00000144c229df5c: 493b a750 | 0400 000f | 8715 0c00 | 00c3 488b | c648 81c4 | 7001 0000 

  0x00000144c229df74: ;   {poll_return}
  0x00000144c229df74: 5d49 3ba7 | 5004 0000 | 0f87 120c | 0000 c348 | 81c4 7001 

  0x00000144c229df88: ;   {poll_return}
  0x00000144c229df88: 0000 5d49 | 3ba7 5004 | 0000 0f87 | 120c 0000 | c348 8b94 | 24a8 0000 

  0x00000144c229dfa0: ;   {metadata(method data for {method} {0x000001451858c840} 'findClass0' '(Ljava/lang/String;ZZ)Ljava/lang/Class;' in 'org/eclipse/osgi/internal/loader/BundleLoader')}
  0x00000144c229dfa0: 0049 b860 | ed85 1845 | 0100 0049 | 8380 5807 | 0000 014c | 8b84 24a0 | 0000 0044 | 8b8c 24b4 
  0x00000144c229dfc0: 0000 0048 | 8bbc 24d0 | 0000 0048 | 8b94 24a8 | 0000 000f 

  0x00000144c229dfd4: ;   {optimized virtual_call}
  0x00000144c229dfd4: 1f40 00e8 

  0x00000144c229dfd8: ; ImmutableOopMap {}
                      ;*invokespecial generateException {reexecute=0 rethrow=0 return_oop=0}
                      ; - org.eclipse.osgi.internal.loader.BundleLoader::findClass0@252 (line 513)
  0x00000144c229dfd8: a407 0f07 

  0x00000144c229dfdc: ;   {other}
  0x00000144c229dfdc: 0f1f 8400 | 4c43 0036 | 4881 c470 | 0100 005d 

  0x00000144c229dfec: ;   {poll_return}
  0x00000144c229dfec: 493b a750 | 0400 000f | 87c7 0b00 | 00c3 4881 | c470 0100 

  0x00000144c229e000: ;   {poll_return}
  0x00000144c229e000: 005d 493b | a750 0400 | 000f 87c7 | 0b00 00c3 | 4881 c470 | 0100 005d 

  0x00000144c229e018: ;   {poll_return}
  0x00000144c229e018: 493b a750 | 0400 000f | 87c7 0b00 | 00c3 488b | 9424 a800 | 0000 8b52 | 4848 3b02 

  0x00000144c229e034: ;   {metadata(method data for {method} {0x000001451858c840} 'findClass0' '(Ljava/lang/String;ZZ)Ljava/lang/Class;' in 'org/eclipse/osgi/internal/loader/BundleLoader')}
  0x00000144c229e034: 4c8b c249 | b960 ed85 | 1845 0100 | 0045 8b40 | 0849 ba00 | 0000 d644 | 0100 004d | 03c2 4d3b 
  0x00000144c229e054: 81b8 0100 | 0075 0d49 | 8381 c001 | 0000 01e9 | 6000 0000 | 4d3b 81c8 | 0100 0075 | 0d49 8381 
  0x00000144c229e074: d001 0000 | 01e9 4a00 | 0000 4983 | b9b8 0100 | 0000 7517 | 4d89 81b8 | 0100 0049 | c781 c001 
  0x00000144c229e094: 0000 0100 | 0000 e929 | 0000 0049 | 83b9 c801 | 0000 0075 | 174d 8981 | c801 0000 | 49c7 81d0 
  0x00000144c229e0b4: 0100 0001 | 0000 00e9 | 0800 0000 | 4983 81a8 | 0100 0001 

  0x00000144c229e0c8: ;   {metadata(method data for {method} {0x00000144d60143f0} 'loadClass' '(Ljava/lang/String;)Ljava/lang/Class;' in 'java/lang/ClassLoader')}
  0x00000144c229e0c8: 49b8 70a4 | 2a18 4501 | 0000 458b | 88cc 0000 | 0041 83c1 | 0245 8988 | cc00 0000 | 4181 e1fe 
  0x00000144c229e0e8: ff1f 0045 | 85c9 0f84 | 130b 0000 

  0x00000144c229e0f4: ;   {metadata(method data for {method} {0x00000144d60143f0} 'loadClass' '(Ljava/lang/String;)Ljava/lang/Class;' in 'java/lang/ClassLoader')}
  0x00000144c229e0f4: 4c8b c249 | b970 a42a | 1845 0100 | 0045 8b40 | 0849 ba00 | 0000 d644 | 0100 004d | 03c2 4d3b 
  0x00000144c229e114: 8120 0100 | 0075 0d49 | 8381 2801 | 0000 01e9 | 6000 0000 | 4d3b 8130 | 0100 0075 | 0d49 8381 
  0x00000144c229e134: 3801 0000 | 01e9 4a00 | 0000 4983 | b920 0100 | 0000 7517 | 4d89 8120 | 0100 0049 | c781 2801 
  0x00000144c229e154: 0000 0100 | 0000 e929 | 0000 0049 | 83b9 3001 | 0000 0075 | 174d 8981 | 3001 0000 | 49c7 8138 
  0x00000144c229e174: 0100 0001 | 0000 00e9 | 0800 0000 | 4983 8110 | 0100 0001 | 4c8b 8424 | a000 0000 | 41b9 0000 
  0x00000144c229e194: 0000 0f1f | 8000 0000 | 0048 b8f8 | 8206 d644 

  0x00000144c229e1a4: ;   {virtual_call}
  0x00000144c229e1a4: 0100 00e8 

  0x00000144c229e1a8: ; ImmutableOopMap {}
                      ;*invokevirtual loadClass {reexecute=0 rethrow=0 return_oop=0}
                      ; - java.lang.ClassLoader::loadClass@3
                      ; - org.eclipse.osgi.internal.loader.BundleLoader::findClass0@25 (line 470)
  0x00000144c229e1a8: b418 d2ff 

  0x00000144c229e1ac: ;   {other}
  0x00000144c229e1ac: 0f1f 8400 | 1c45 0037 | 4881 c470 | 0100 005d 

  0x00000144c229e1bc: ;   {poll_return}
  0x00000144c229e1bc: 493b a750 | 0400 000f | 875f 0a00 | 00c3 488b | 9424 a800 | 0000 498b | 8700 0500 | 004d 33d2 
  0x00000144c229e1dc: 4d89 9700 | 0500 004d | 33d2 4d89 | 9708 0500 | 0048 8b9c | 24d0 0000 | 008b bc24 | b400 0000 
  0x00000144c229e1fc: 4c8b 8424 | a000 0000 

  0x00000144c229e204: ;   {metadata(method data for {method} {0x000001451858c840} 'findClass0' '(Ljava/lang/String;ZZ)Ljava/lang/Class;' in 'org/eclipse/osgi/internal/loader/BundleLoader')}
  0x00000144c229e204: 4c8b ca48 | be60 ed85 | 1845 0100 | 0048 8386 | 800c 0000 | 014c 8bcf 

  0x00000144c229e21c: ;   {optimized virtual_call}
  0x00000144c229e21c: 488b fbe8 

  0x00000144c229e220: ; ImmutableOopMap {}
                      ;*invokespecial generateException {reexecute=0 rethrow=0 return_oop=0}
                      ; - org.eclipse.osgi.internal.loader.BundleLoader::findClass0@486 (line 564)
  0x00000144c229e220: 5c05 0f07 

  0x00000144c229e224: ;   {other}
  0x00000144c229e224: 0f1f 8400 | 9445 0038 | 4881 c470 | 0100 005d 

  0x00000144c229e234: ;   {poll_return}
  0x00000144c229e234: 493b a750 | 0400 000f | 87fd 0900 | 00c3 498b | 8700 0500 | 004d 33d2 | 4d89 9700 | 0500 004d 
  0x00000144c229e254: 33d2 4d89 | 9708 0500 | 0048 8bf0 | 488d 8424 | 5001 0000 | 488b 3848 | 85ff 0f84 | 0f00 0000 
  0x00000144c229e274: 488b 5808 | f048 0fb1 | 3b0f 85d1 | 0900 0049 | ff8f 5005 | 0000 488b | c6e9 0b0a | 0000 498b 
  0x00000144c229e294: 8700 0500 | 004d 33d2 | 4d89 9700 | 0500 004d | 33d2 4d89 | 9708 0500 | 0048 8bf0 | 488d 8424 
  0x00000144c229e2b4: 5001 0000 | 488b 3848 | 85ff 0f84 | 0f00 0000 | 488b 5808 | f048 0fb1 | 3b0f 8597 | 0900 0049 
  0x00000144c229e2d4: ff8f 5005 | 0000 488b | c6e9 bb09 

  0x00000144c229e2e0: ;   {metadata({method} {0x000001451858c840} 'findClass0' '(Ljava/lang/String;ZZ)Ljava/lang/Class;' in 'org/eclipse/osgi/internal/loader/BundleLoader')}
  0x00000144c229e2e0: 0000 49ba | 38c8 5818 | 4501 0000 | 4c89 5424 | 0848 c704 | 24ff ffff 

  0x00000144c229e2f8: ;   {runtime_call counter_overflow Runtime1 stub}
  0x00000144c229e2f8: ffe8 8282 

  0x00000144c229e2fc: ; ImmutableOopMap {rdx=Oop r8=Oop [160]=Oop [168]=Oop }
                      ;*synchronization entry
                      ; - org.eclipse.osgi.internal.loader.BundleLoader::findClass0@-1 (line 466)
  0x00000144c229e2fc: 1a07 e9bb 

  0x00000144c229e300: ;   {runtime_call throw_null_pointer_exception Runtime1 stub}
  0x00000144c229e300: c2ff ffe8 

  0x00000144c229e304: ; ImmutableOopMap {r8=Oop [160]=Oop [168]=Oop }
                      ;*invokevirtual startsWith {reexecute=0 rethrow=0 return_oop=0}
                      ; - org.eclipse.osgi.internal.loader.BundleLoader::findClass0@14 (line 466)
  0x00000144c229e304: f842 1107 

  0x00000144c229e308: ;   {metadata({method} {0x00000144d6453928} 'startsWith' '(Ljava/lang/String;)Z' in 'java/lang/String')}
  0x00000144c229e308: 49ba 2039 | 45d6 4401 | 0000 4c89 | 5424 0848 | c704 24ff 

  0x00000144c229e31c: ;   {runtime_call counter_overflow Runtime1 stub}
  0x00000144c229e31c: ffff ffe8 

  0x00000144c229e320: ; ImmutableOopMap {r8=Oop [160]=Oop [168]=Oop }
                      ;*synchronization entry
                      ; - java.lang.String::startsWith@-1
                      ; - org.eclipse.osgi.internal.loader.BundleLoader::findClass0@14 (line 466)
  0x00000144c229e320: 5c82 1a07 | e948 c3ff 

  0x00000144c229e328: ;   {metadata({method} {0x000001451858abc8} 'getPackageName' '(Ljava/lang/String;)Ljava/lang/String;' in 'org/eclipse/osgi/internal/loader/BundleLoader')}
  0x00000144c229e328: ff49 bac0 | ab58 1845 | 0100 004c | 8954 2408 | 48c7 0424 | ffff ffff 

  0x00000144c229e340: ;   {runtime_call counter_overflow Runtime1 stub}
  0x00000144c229e340: e83b 821a 

  0x00000144c229e344: ; ImmutableOopMap {r8=Oop [160]=Oop [168]=Oop }
                      ;*synchronization entry
                      ; - org.eclipse.osgi.internal.loader.BundleLoader::getPackageName@-1 (line 142)
                      ; - org.eclipse.osgi.internal.loader.BundleLoader::findClass0@30 (line 473)
  0x00000144c229e344: 07e9 d9c3 

  0x00000144c229e348: ;   {runtime_call throw_null_pointer_exception Runtime1 stub}
  0x00000144c229e348: ffff e8b1 

  0x00000144c229e34c: ; ImmutableOopMap {r8=Oop [160]=Oop [168]=Oop }
                      ;*invokevirtual lastIndexOf {reexecute=0 rethrow=0 return_oop=0}
                      ; - org.eclipse.osgi.internal.loader.BundleLoader::getPackageName@7 (line 143)
                      ; - org.eclipse.osgi.internal.loader.BundleLoader::findClass0@30 (line 473)
                      ;   {metadata({method} {0x00000144d6453820} 'lastIndexOf' '(I)I' in 'java/lang/String')}
  0x00000144c229e34c: 4211 0749 | ba18 3845 | d644 0100 | 004c 8954 | 2408 48c7 | 0424 ffff 

  0x00000144c229e364: ;   {runtime_call counter_overflow Runtime1 stub}
  0x00000144c229e364: ffff e815 

  0x00000144c229e368: ; ImmutableOopMap {r8=Oop [160]=Oop [168]=Oop }
                      ;*synchronization entry
                      ; - java.lang.String::lastIndexOf@-1
                      ; - org.eclipse.osgi.internal.loader.BundleLoader::getPackageName@7 (line 143)
                      ; - org.eclipse.osgi.internal.loader.BundleLoader::findClass0@30 (line 473)
  0x00000144c229e368: 821a 07e9 | 26c4 ffff 

  0x00000144c229e370: ;   {metadata({method} {0x00000144d600ee90} 'length' '()I' in 'java/lang/String')}
  0x00000144c229e370: 49ba 88ee | 00d6 4401 | 0000 4c89 | 5424 0848 | c704 24ff 

  0x00000144c229e384: ;   {runtime_call counter_overflow Runtime1 stub}
  0x00000144c229e384: ffff ffe8 

  0x00000144c229e388: ; ImmutableOopMap {r8=Oop [160]=Oop [168]=Oop }
                      ;*synchronization entry
                      ; - java.lang.String::length@-1
                      ; - java.lang.String::lastIndexOf@3
                      ; - org.eclipse.osgi.internal.loader.BundleLoader::getPackageName@7 (line 143)
                      ; - org.eclipse.osgi.internal.loader.BundleLoader::findClass0@30 (line 473)
  0x00000144c229e388: f481 1a07 | e946 c4ff 

  0x00000144c229e390: ;   {runtime_call throw_null_pointer_exception Runtime1 stub}
  0x00000144c229e390: ffe8 6a42 

  0x00000144c229e394: ; ImmutableOopMap {r8=Oop [160]=Oop [168]=Oop }
                      ;*arraylength {reexecute=0 rethrow=0 return_oop=0}
                      ; - java.lang.String::length@4
                      ; - java.lang.String::lastIndexOf@3
                      ; - org.eclipse.osgi.internal.loader.BundleLoader::getPackageName@7 (line 143)
                      ; - org.eclipse.osgi.internal.loader.BundleLoader::findClass0@30 (line 473)
                      ;   {metadata({method} {0x00000144d6454b08} 'coder' '()B' in 'java/lang/String')}
  0x00000144c229e394: 1107 49ba | 004b 45d6 | 4401 0000 | 4c89 5424 | 0848 c704 | 24ff ffff 

  0x00000144c229e3ac: ;   {runtime_call counter_overflow Runtime1 stub}
  0x00000144c229e3ac: ffe8 ce81 

  0x00000144c229e3b0: ; ImmutableOopMap {r8=Oop [160]=Oop [168]=Oop }
                      ;*synchronization entry
                      ; - java.lang.String::coder@-1
                      ; - java.lang.String::length@6
                      ; - java.lang.String::lastIndexOf@3
                      ; - org.eclipse.osgi.internal.loader.BundleLoader::getPackageName@7 (line 143)
                      ; - org.eclipse.osgi.internal.loader.BundleLoader::findClass0@30 (line 473)
  0x00000144c229e3b0: 1a07 e964 

  0x00000144c229e3b4: ;   {runtime_call throw_null_pointer_exception Runtime1 stub}
  0x00000144c229e3b4: c4ff ffe8 

  0x00000144c229e3b8: ; ImmutableOopMap {rsi=Oop rdx=Oop r8=Oop [160]=Oop [168]=Oop }
                      ;*invokevirtual loaderWithPackage {reexecute=0 rethrow=0 return_oop=0}
                      ; - org.eclipse.osgi.internal.loader.BundleLoader::findClass0@41 (line 474)
  0x00000144c229e3b8: 4442 1107 

  0x00000144c229e3bc: ;   {metadata({method} {0x00000145184e54e8} 'loaderWithPackage' '(Ljava/lang/String;)Ljava/lang/String;' in 'org/eclipse/osgi/internal/debug/Debug')}
  0x00000144c229e3bc: 49ba e054 | 4e18 4501 | 0000 4c89 | 5424 0848 | c704 24ff 

  0x00000144c229e3d0: ;   {runtime_call counter_overflow Runtime1 stub}
  0x00000144c229e3d0: ffff ffe8 

  0x00000144c229e3d4: ; ImmutableOopMap {rsi=Oop rdx=Oop r8=Oop [160]=Oop [168]=Oop }
                      ;*synchronization entry
                      ; - org.eclipse.osgi.internal.debug.Debug::loaderWithPackage@-1 (line 272)
                      ; - org.eclipse.osgi.internal.loader.BundleLoader::findClass0@41 (line 474)
  0x00000144c229e3d4: a881 1a07 | e976 c5ff 

  0x00000144c229e3dc: ;   {runtime_call throw_null_pointer_exception Runtime1 stub}
  0x00000144c229e3dc: ffe8 1e42 

  0x00000144c229e3e0: ; ImmutableOopMap {rsi=Oop rdi=Oop [160]=Oop [168]=Oop }
                      ;*invokeinterface contains {reexecute=0 rethrow=0 return_oop=0}
                      ; - org.eclipse.osgi.internal.debug.Debug::loaderWithPackage@22 (line 275)
                      ; - org.eclipse.osgi.internal.loader.BundleLoader::findClass0@41 (line 474)
  0x00000144c229e3e0: 1107 488b 

  0x00000144c229e3e4: ;   {runtime_call fast_new_instance Runtime1 stub}
  0x00000144c229e3e4: d2e8 1639 

  0x00000144c229e3e8: ; ImmutableOopMap {r9=Oop [160]=Oop [168]=Oop [184]=Oop [200]=Oop [208]=Oop }
                      ;*new {reexecute=0 rethrow=0 return_oop=0}
                      ; - org.eclipse.osgi.internal.loader.BundleLoader::findClass0@57 (line 476)
  0x00000144c229e3e8: 1107 e997 

  0x00000144c229e3ec: ;   {metadata({method} {0x00000144d6461898} '<init>' '(Ljava/lang/String;)V' in 'java/lang/StringBuilder')}
  0x00000144c229e3ec: c7ff ff49 | ba90 1846 | d644 0100 | 004c 8954 | 2408 48c7 | 0424 ffff 

  0x00000144c229e404: ;   {runtime_call counter_overflow Runtime1 stub}
  0x00000144c229e404: ffff e875 

  0x00000144c229e408: ; ImmutableOopMap {r9=Oop rax=Oop [160]=Oop [168]=Oop [184]=Oop [192]=Oop [200]=Oop [208]=Oop }
                      ;*synchronization entry
                      ; - java.lang.StringBuilder::<init>@-1
                      ; - org.eclipse.osgi.internal.loader.BundleLoader::findClass0@64 (line 476)
  0x00000144c229e408: 811a 07e9 | bcc7 ffff 

  0x00000144c229e410: ;   {metadata({method} {0x00000144d6461630} 'append' '(Ljava/lang/Object;)Ljava/lang/StringBuilder;' in 'java/lang/StringBuilder')}
  0x00000144c229e410: 49ba 2816 | 46d6 4401 | 0000 4c89 | 5424 0848 | c704 24ff 

  0x00000144c229e424: ;   {runtime_call counter_overflow Runtime1 stub}
  0x00000144c229e424: ffff ffe8 

  0x00000144c229e428: ; ImmutableOopMap {[160]=Oop [168]=Oop [184]=Oop [192]=Oop [200]=Oop [208]=Oop }
                      ;*synchronization entry
                      ; - java.lang.StringBuilder::append@-1
                      ; - org.eclipse.osgi.internal.loader.BundleLoader::findClass0@68 (line 476)
  0x00000144c229e428: 5481 1a07 | e90c c8ff 

  0x00000144c229e430: ;   {metadata({method} {0x00000144d6454d70} 'valueOf' '(Ljava/lang/Object;)Ljava/lang/String;' in 'java/lang/String')}
  0x00000144c229e430: ff49 ba68 | 4d45 d644 | 0100 004c | 8954 2408 | 48c7 0424 | ffff ffff 

  0x00000144c229e448: ;   {runtime_call counter_overflow Runtime1 stub}
  0x00000144c229e448: e833 811a 

  0x00000144c229e44c: ; ImmutableOopMap {[160]=Oop [168]=Oop [184]=Oop [192]=Oop [200]=Oop [208]=Oop }
                      ;*synchronization entry
                      ; - java.lang.String::valueOf@-1
                      ; - java.lang.StringBuilder::append@2
                      ; - org.eclipse.osgi.internal.loader.BundleLoader::findClass0@68 (line 476)
  0x00000144c229e44c: 07e9 24c8 

  0x00000144c229e450: ;   {metadata({method} {0x00000144d64615d8} 'append' '(Ljava/lang/String;)Ljava/lang/StringBuilder;' in 'java/lang/StringBuilder')}
  0x00000144c229e450: ffff 49ba | d015 46d6 | 4401 0000 | 4c89 5424 | 0848 c704 | 24ff ffff 

  0x00000144c229e468: ;   {runtime_call counter_overflow Runtime1 stub}
  0x00000144c229e468: ffe8 1281 

  0x00000144c229e46c: ; ImmutableOopMap {rax=Oop [160]=Oop [168]=Oop [184]=Oop [192]=Oop [200]=Oop [208]=Oop }
                      ;*synchronization entry
                      ; - java.lang.StringBuilder::append@-1
                      ; - java.lang.StringBuilder::append@5
                      ; - org.eclipse.osgi.internal.loader.BundleLoader::findClass0@68 (line 476)
  0x00000144c229e46c: 1a07 e904 

  0x00000144c229e470: ;   {metadata({method} {0x00000144d64615d8} 'append' '(Ljava/lang/String;)Ljava/lang/StringBuilder;' in 'java/lang/StringBuilder')}
  0x00000144c229e470: c9ff ff49 | bad0 1546 | d644 0100 | 004c 8954 | 2408 48c7 | 0424 ffff 

  0x00000144c229e488: ;   {runtime_call counter_overflow Runtime1 stub}
  0x00000144c229e488: ffff e8f1 

  0x00000144c229e48c: ; ImmutableOopMap {rax=Oop [160]=Oop [168]=Oop [184]=Oop [192]=Oop [200]=Oop [208]=Oop }
                      ;*synchronization entry
                      ; - java.lang.StringBuilder::append@-1
                      ; - org.eclipse.osgi.internal.loader.BundleLoader::findClass0@74 (line 476)
  0x00000144c229e48c: 801a 07e9 | 5ec9 ffff 

  0x00000144c229e494: ;   {metadata({method} {0x00000144d64615d8} 'append' '(Ljava/lang/String;)Ljava/lang/StringBuilder;' in 'java/lang/StringBuilder')}
  0x00000144c229e494: 49ba d015 | 46d6 4401 | 0000 4c89 | 5424 0848 | c704 24ff 

  0x00000144c229e4a8: ;   {runtime_call counter_overflow Runtime1 stub}
  0x00000144c229e4a8: ffff ffe8 

  0x00000144c229e4ac: ; ImmutableOopMap {[160]=Oop [168]=Oop [184]=Oop [192]=Oop [200]=Oop [208]=Oop }
                      ;*synchronization entry
                      ; - java.lang.StringBuilder::append@-1
                      ; - org.eclipse.osgi.internal.loader.BundleLoader::findClass0@78 (line 476)
  0x00000144c229e4ac: d080 1a07 | e9b2 c9ff 

  0x00000144c229e4b4: ;   {metadata({method} {0x00000144d64615d8} 'append' '(Ljava/lang/String;)Ljava/lang/StringBuilder;' in 'java/lang/StringBuilder')}
  0x00000144c229e4b4: ff49 bad0 | 1546 d644 | 0100 004c | 8954 2408 | 48c7 0424 | ffff ffff 

  0x00000144c229e4cc: ;   {runtime_call counter_overflow Runtime1 stub}
  0x00000144c229e4cc: e8af 801a 

  0x00000144c229e4d0: ; ImmutableOopMap {[160]=Oop [168]=Oop [184]=Oop [192]=Oop [200]=Oop [208]=Oop }
                      ;*synchronization entry
                      ; - java.lang.StringBuilder::append@-1
                      ; - org.eclipse.osgi.internal.loader.BundleLoader::findClass0@84 (line 476)
  0x00000144c229e4d0: 07e9 11ca 

  0x00000144c229e4d4: ;   {metadata({method} {0x00000144d6008958} 'toString' '()Ljava/lang/String;' in 'java/lang/StringBuilder')}
  0x00000144c229e4d4: ffff 49ba | 5089 00d6 | 4401 0000 | 4c89 5424 | 0848 c704 | 24ff ffff 

  0x00000144c229e4ec: ;   {runtime_call counter_overflow Runtime1 stub}
  0x00000144c229e4ec: ffe8 8e80 

  0x00000144c229e4f0: ; ImmutableOopMap {[160]=Oop [168]=Oop [184]=Oop [192]=Oop [200]=Oop [208]=Oop }
                      ;*synchronization entry
                      ; - java.lang.StringBuilder::toString@-1
                      ; - org.eclipse.osgi.internal.loader.BundleLoader::findClass0@87 (line 476)
  0x00000144c229e4f0: 1a07 e96e | caff ff48 

  0x00000144c229e4f8: ;   {runtime_call fast_new_instance Runtime1 stub}
  0x00000144c229e4f8: 8bd2 e801 

  0x00000144c229e4fc: ; ImmutableOopMap {[160]=Oop [168]=Oop [184]=Oop [192]=Oop [200]=Oop [208]=Oop }
                      ;*new {reexecute=0 rethrow=0 return_oop=0}
                      ; - java.lang.StringBuilder::toString@0
                      ; - org.eclipse.osgi.internal.loader.BundleLoader::findClass0@87 (line 476)
  0x00000144c229e4fc: 3811 07e9 | b1ca ffff 

  0x00000144c229e504: ;   {metadata({method} {0x00000144d64558c8} '<init>' '(Ljava/lang/StringBuilder;)V' in 'java/lang/String')}
  0x00000144c229e504: 49ba c058 | 45d6 4401 | 0000 4c89 | 5424 0848 | c704 24ff 

  0x00000144c229e518: ;   {runtime_call counter_overflow Runtime1 stub}
  0x00000144c229e518: ffff ffe8 

  0x00000144c229e51c: ; ImmutableOopMap {rax=Oop [160]=Oop [168]=Oop [184]=Oop [192]=Oop [200]=Oop [208]=Oop }
                      ;*synchronization entry
                      ; - java.lang.String::<init>@-1
                      ; - java.lang.StringBuilder::toString@5
                      ; - org.eclipse.osgi.internal.loader.BundleLoader::findClass0@87 (line 476)
  0x00000144c229e51c: 6080 1a07 | e9d1 caff 

  0x00000144c229e524: ;   {runtime_call throw_null_pointer_exception Runtime1 stub}
  0x00000144c229e524: ffe8 d640 

  0x00000144c229e528: ; ImmutableOopMap {r9=Oop [160]=Oop [168]=Oop [184]=Oop [200]=Oop [208]=Oop [216]=Oop }
                      ;*invokevirtual trace {reexecute=0 rethrow=0 return_oop=0}
                      ; - org.eclipse.osgi.internal.loader.BundleLoader::findClass0@90 (line 476)
                      ;   {metadata({method} {0x00000145184e5400} 'trace' '(Ljava/lang/String;Ljava/lang/String;)V' in 'org/eclipse/osgi/internal/debug/Debug')}
  0x00000144c229e528: 1107 49ba | f853 4e18 | 4501 0000 | 4c89 5424 | 0848 c704 | 24ff ffff 

  0x00000144c229e540: ;   {runtime_call counter_overflow Runtime1 stub}
  0x00000144c229e540: ffe8 3a80 

  0x00000144c229e544: ; ImmutableOopMap {r9=Oop [160]=Oop [168]=Oop [184]=Oop [200]=Oop [208]=Oop [216]=Oop }
                      ;*synchronization entry
                      ; - org.eclipse.osgi.internal.debug.Debug::trace@-1 (line 256)
                      ; - org.eclipse.osgi.internal.loader.BundleLoader::findClass0@90 (line 476)
  0x00000144c229e544: 1a07 e94b 

  0x00000144c229e548: ;   {runtime_call throw_incompatible_class_change_error Runtime1 stub}
  0x00000144c229e548: cbff ffe8 

  0x00000144c229e54c: ; ImmutableOopMap {rdx=Oop [160]=Oop [168]=Oop [184]=Oop [208]=Oop [216]=Oop }
                      ;*invokeinterface getLogger {reexecute=0 rethrow=0 return_oop=0}
                      ; - org.eclipse.osgi.internal.debug.Debug::trace@11 (line 265)
                      ; - org.eclipse.osgi.internal.loader.BundleLoader::findClass0@90 (line 476)
  0x00000144c229e54c: b019 1107 

  0x00000144c229e550: ;   {runtime_call throw_null_pointer_exception Runtime1 stub}
  0x00000144c229e550: e8ab 4011 

  0x00000144c229e554: ; ImmutableOopMap {rdx=Oop [160]=Oop [168]=Oop [184]=Oop [208]=Oop [216]=Oop }
                      ;*invokeinterface getLogger {reexecute=0 rethrow=0 return_oop=0}
                      ; - org.eclipse.osgi.internal.debug.Debug::trace@11 (line 265)
                      ; - org.eclipse.osgi.internal.loader.BundleLoader::findClass0@90 (line 476)
                      ;   {metadata({method} {0x000001451850ca90} 'getLogger' '(Ljava/lang/String;)Lorg/osgi/service/log/Logger;' in 'org/eclipse/osgi/internal/log/ExtendedLogServiceImpl')}
  0x00000144c229e554: 0749 ba88 | ca50 1845 | 0100 004c | 8954 2408 | 48c7 0424 | ffff ffff 

  0x00000144c229e56c: ;   {runtime_call counter_overflow Runtime1 stub}
  0x00000144c229e56c: e80f 801a 

  0x00000144c229e570: ; ImmutableOopMap {rdx=Oop [160]=Oop [168]=Oop [184]=Oop [208]=Oop [216]=Oop }
                      ;*synchronization entry
                      ; - org.eclipse.osgi.internal.log.ExtendedLogServiceImpl::getLogger@-1 (line 1)
                      ; - org.eclipse.osgi.internal.debug.Debug::trace@11 (line 265)
                      ; - org.eclipse.osgi.internal.loader.BundleLoader::findClass0@90 (line 476)
  0x00000144c229e570: 07e9 ddcb 

  0x00000144c229e574: ;   {metadata({method} {0x000001451850a318} 'getLogger' '(Ljava/lang/String;)Lorg/eclipse/equinox/log/Logger;' in 'org/eclipse/osgi/internal/log/ExtendedLogServiceImpl')}
  0x00000144c229e574: ffff 49ba | 10a3 5018 | 4501 0000 | 4c89 5424 | 0848 c704 | 24ff ffff 

  0x00000144c229e58c: ;   {runtime_call counter_overflow Runtime1 stub}
  0x00000144c229e58c: ffe8 ee7f 

  0x00000144c229e590: ; ImmutableOopMap {rdx=Oop [160]=Oop [168]=Oop [184]=Oop [208]=Oop [216]=Oop }
                      ;*synchronization entry
                      ; - org.eclipse.osgi.internal.log.ExtendedLogServiceImpl::getLogger@-1 (line 73)
                      ; - org.eclipse.osgi.internal.log.ExtendedLogServiceImpl::getLogger@2 (line 1)
                      ; - org.eclipse.osgi.internal.debug.Debug::trace@11 (line 265)
                      ; - org.eclipse.osgi.internal.loader.BundleLoader::findClass0@90 (line 476)
  0x00000144c229e590: 1a07 e90e | ccff ff48 

  0x00000144c229e598: ;   {runtime_call throw_class_cast_exception Runtime1 stub}
  0x00000144c229e598: 8904 24e8 

  0x00000144c229e59c: ; ImmutableOopMap {[160]=Oop [168]=Oop [184]=Oop [208]=Oop [216]=Oop }
                      ;*checkcast {reexecute=0 rethrow=0 return_oop=0}
                      ; - org.eclipse.osgi.internal.log.ExtendedLogServiceImpl::getLogger@7 (line 73)
                      ; - org.eclipse.osgi.internal.log.ExtendedLogServiceImpl::getLogger@2 (line 1)
                      ; - org.eclipse.osgi.internal.debug.Debug::trace@11 (line 265)
                      ; - org.eclipse.osgi.internal.loader.BundleLoader::findClass0@90 (line 476)
  0x00000144c229e59c: 601c 1107 

  0x00000144c229e5a0: ;   {runtime_call throw_null_pointer_exception Runtime1 stub}
  0x00000144c229e5a0: e85b 4011 

  0x00000144c229e5a4: ; ImmutableOopMap {rdx=Oop [160]=Oop [168]=Oop [184]=Oop [208]=Oop [216]=Oop }
                      ;*invokeinterface debug {reexecute=0 rethrow=0 return_oop=0}
                      ; - org.eclipse.osgi.internal.debug.Debug::trace@17 (line 265)
                      ; - org.eclipse.osgi.internal.loader.BundleLoader::findClass0@90 (line 476)
                      ;   {runtime_call throw_null_pointer_exception Runtime1 stub}
  0x00000144c229e5a4: 07e8 5640 

  0x00000144c229e5a8: ; ImmutableOopMap {rax=Oop rdx=Oop [160]=Oop [168]=Oop [184]=Oop [208]=Oop }
                      ;*invokevirtual println {reexecute=0 rethrow=0 return_oop=0}
                      ; - org.eclipse.osgi.internal.debug.Debug::trace@29 (line 267)
                      ; - org.eclipse.osgi.internal.loader.BundleLoader::findClass0@90 (line 476)
                      ;   {runtime_call throw_null_pointer_exception Runtime1 stub}
  0x00000144c229e5a8: 1107 e851 

  0x00000144c229e5ac: ; ImmutableOopMap {rdx=Oop rsi=Oop [160]=Oop [168]=Oop [184]=Oop [208]=Oop }
                      ;*invokevirtual isBootDelegationPackage {reexecute=0 rethrow=0 return_oop=0}
                      ; - org.eclipse.osgi.internal.loader.BundleLoader::findClass0@113 (line 480)
                      ;   {runtime_call throw_null_pointer_exception Runtime1 stub}
  0x00000144c229e5ac: 4011 07e8 

  0x00000144c229e5b0: ; ImmutableOopMap {rdx=Oop rsi=Oop [160]=Oop [168]=Oop [184]=Oop [208]=Oop }
                      ;*invokevirtual loadClass {reexecute=0 rethrow=0 return_oop=0}
                      ; - org.eclipse.osgi.internal.loader.BundleLoader::findClass0@124 (line 484)
  0x00000144c229e5b0: 4c40 1107 

  0x00000144c229e5b4: ;   {metadata({method} {0x00000144d60143f0} 'loadClass' '(Ljava/lang/String;)Ljava/lang/Class;' in 'java/lang/ClassLoader')}
  0x00000144c229e5b4: 49ba e843 | 01d6 4401 | 0000 4c89 | 5424 0848 | c704 24ff 

  0x00000144c229e5c8: ;   {runtime_call counter_overflow Runtime1 stub}
  0x00000144c229e5c8: ffff ffe8 

  0x00000144c229e5cc: ; ImmutableOopMap {rdx=Oop rsi=Oop [160]=Oop [168]=Oop [184]=Oop [208]=Oop }
                      ;*synchronization entry
                      ; - java.lang.ClassLoader::loadClass@-1
                      ; - org.eclipse.osgi.internal.loader.BundleLoader::findClass0@124 (line 484)
  0x00000144c229e5cc: b07f 1a07 | e915 d0ff 

  0x00000144c229e5d4: ;   {internal_word}
  0x00000144c229e5d4: ff49 bab4 | b629 c244 | 0100 004d | 8997 6804 

  0x00000144c229e5e4: ;   {runtime_call SafepointBlob}
  0x00000144c229e5e4: 0000 e915 | 650f 0748 

  0x00000144c229e5ec: ;   {runtime_call throw_class_cast_exception Runtime1 stub}
  0x00000144c229e5ec: 8904 24e8 

  0x00000144c229e5f0: ; ImmutableOopMap {[160]=Oop [168]=Oop [184]=Oop [208]=Oop }
                      ;*checkcast {reexecute=0 rethrow=0 return_oop=0}
                      ; - org.eclipse.osgi.internal.loader.BundleLoader::findClass0@142 (line 492)
  0x00000144c229e5f0: 0c1c 1107 

  0x00000144c229e5f4: ;   {metadata({method} {0x000001451858f5e0} 'findImportedSource' '(Ljava/lang/String;Ljava/util/Collection;)Lorg/eclipse/osgi/internal/loader/sources/PackageSource;' in 'org/eclipse/osgi/internal/loader/BundleLoader')}
  0x00000144c229e5f4: 49ba d8f5 | 5818 4501 | 0000 4c89 | 5424 0848 | c704 24ff 

  0x00000144c229e608: ;   {runtime_call counter_overflow Runtime1 stub}
  0x00000144c229e608: ffff ffe8 

  0x00000144c229e60c: ; ImmutableOopMap {[160]=Oop [168]=Oop [184]=Oop [208]=Oop [232]=Oop }
                      ;*synchronization entry
                      ; - org.eclipse.osgi.internal.loader.BundleLoader::findImportedSource@-1 (line 1251)
                      ; - org.eclipse.osgi.internal.loader.BundleLoader::findClass0@164 (line 499)
  0x00000144c229e60c: 707f 1a07 | e9b4 d2ff 

  0x00000144c229e614: ;   {runtime_call throw_null_pointer_exception Runtime1 stub}
  0x00000144c229e614: ffe8 e63f 

  0x00000144c229e618: ; ImmutableOopMap {rsi=Oop [160]=Oop [168]=Oop [184]=Oop [208]=Oop [232]=Oop }
                      ;*monitorenter {reexecute=0 rethrow=0 return_oop=0}
                      ; - org.eclipse.osgi.internal.loader.BundleLoader::findImportedSource@10 (line 1252)
                      ; - org.eclipse.osgi.internal.loader.BundleLoader::findClass0@164 (line 499)
  0x00000144c229e618: 1107 4889 | 7424 084c 

  0x00000144c229e620: ;   {runtime_call monitorenter_nofpu Runtime1 stub}
  0x00000144c229e620: 8904 24e8 

  0x00000144c229e624: ; ImmutableOopMap {rsi=Oop [160]=Oop [168]=Oop [184]=Oop [208]=Oop [232]=Oop [344]=Oop }
                      ;*monitorenter {reexecute=0 rethrow=0 return_oop=0}
                      ; - org.eclipse.osgi.internal.loader.BundleLoader::findImportedSource@10 (line 1252)
                      ; - org.eclipse.osgi.internal.loader.BundleLoader::findClass0@164 (line 499)
  0x00000144c229e624: 5825 1a07 | e914 d3ff | ff48 8904 

  0x00000144c229e630: ;   {runtime_call throw_class_cast_exception Runtime1 stub}
  0x00000144c229e630: 24e8 ca1b 

  0x00000144c229e634: ; ImmutableOopMap {[160]=Oop [168]=Oop [184]=Oop [208]=Oop [232]=Oop [240]=Oop [344]=Oop }
                      ;*checkcast {reexecute=0 rethrow=0 return_oop=0}
                      ; - org.eclipse.osgi.internal.loader.BundleLoader::findImportedSource@18 (line 1253)
                      ; - org.eclipse.osgi.internal.loader.BundleLoader::findClass0@164 (line 499)
  0x00000144c229e634: 1107 488d | 8424 5001 | 0000 4889 

  0x00000144c229e640: ;   {runtime_call monitorexit_nofpu Runtime1 stub}
  0x00000144c229e640: 0424 e839 | 2b1a 07e9 | d5d4 ffff 

  0x00000144c229e64c: ;   {runtime_call fast_new_instance Runtime1 stub}
  0x00000144c229e64c: 488b d2e8 

  0x00000144c229e650: ; ImmutableOopMap {r11=Oop [160]=Oop [168]=Oop [208]=Oop [256]=Oop [264]=Oop }
                      ;*new {reexecute=0 rethrow=0 return_oop=0}
                      ; - org.eclipse.osgi.internal.loader.BundleLoader::findClass0@185 (line 502)
  0x00000144c229e650: ac36 1107 | e99a d5ff 

  0x00000144c229e658: ;   {metadata({method} {0x00000144d6461898} '<init>' '(Ljava/lang/String;)V' in 'java/lang/StringBuilder')}
  0x00000144c229e658: ff49 ba90 | 1846 d644 | 0100 004c | 8954 2408 | 48c7 0424 | ffff ffff 

  0x00000144c229e670: ;   {runtime_call counter_overflow Runtime1 stub}
  0x00000144c229e670: e80b 7f1a 

  0x00000144c229e674: ; ImmutableOopMap {r11=Oop rax=Oop [160]=Oop [168]=Oop [208]=Oop [256]=Oop [264]=Oop }
                      ;*synchronization entry
                      ; - java.lang.StringBuilder::<init>@-1
                      ; - org.eclipse.osgi.internal.loader.BundleLoader::findClass0@192 (line 502)
  0x00000144c229e674: 07e9 b7d5 

  0x00000144c229e678: ;   {metadata({method} {0x00000144d6461630} 'append' '(Ljava/lang/Object;)Ljava/lang/StringBuilder;' in 'java/lang/StringBuilder')}
  0x00000144c229e678: ffff 49ba | 2816 46d6 | 4401 0000 | 4c89 5424 | 0848 c704 | 24ff ffff 

  0x00000144c229e690: ;   {runtime_call counter_overflow Runtime1 stub}
  0x00000144c229e690: ffe8 ea7e 

  0x00000144c229e694: ; ImmutableOopMap {[160]=Oop [168]=Oop [208]=Oop [248]=Oop [256]=Oop [264]=Oop }
                      ;*synchronization entry
                      ; - java.lang.StringBuilder::append@-1
                      ; - org.eclipse.osgi.internal.loader.BundleLoader::findClass0@196 (line 502)
  0x00000144c229e694: 1a07 e912 

  0x00000144c229e698: ;   {metadata({method} {0x00000144d6454d70} 'valueOf' '(Ljava/lang/Object;)Ljava/lang/String;' in 'java/lang/String')}
  0x00000144c229e698: d6ff ff49 | ba68 4d45 | d644 0100 | 004c 8954 | 2408 48c7 | 0424 ffff 

  0x00000144c229e6b0: ;   {runtime_call counter_overflow Runtime1 stub}
  0x00000144c229e6b0: ffff e8c9 

  0x00000144c229e6b4: ; ImmutableOopMap {[160]=Oop [168]=Oop [208]=Oop [248]=Oop [256]=Oop [264]=Oop }
                      ;*synchronization entry
                      ; - java.lang.String::valueOf@-1
                      ; - java.lang.StringBuilder::append@2
                      ; - org.eclipse.osgi.internal.loader.BundleLoader::findClass0@196 (line 502)
  0x00000144c229e6b4: 7e1a 07e9 | 2ad6 ffff 

  0x00000144c229e6bc: ;   {metadata({method} {0x00000144d64615d8} 'append' '(Ljava/lang/String;)Ljava/lang/StringBuilder;' in 'java/lang/StringBuilder')}
  0x00000144c229e6bc: 49ba d015 | 46d6 4401 | 0000 4c89 | 5424 0848 | c704 24ff 

  0x00000144c229e6d0: ;   {runtime_call counter_overflow Runtime1 stub}
  0x00000144c229e6d0: ffff ffe8 

  0x00000144c229e6d4: ; ImmutableOopMap {rax=Oop [160]=Oop [168]=Oop [208]=Oop [248]=Oop [256]=Oop [264]=Oop }
                      ;*synchronization entry
                      ; - java.lang.StringBuilder::append@-1
                      ; - java.lang.StringBuilder::append@5
                      ; - org.eclipse.osgi.internal.loader.BundleLoader::findClass0@196 (line 502)
  0x00000144c229e6d4: a87e 1a07 | e90a d7ff 

  0x00000144c229e6dc: ;   {metadata({method} {0x00000144d64615d8} 'append' '(Ljava/lang/String;)Ljava/lang/StringBuilder;' in 'java/lang/StringBuilder')}
  0x00000144c229e6dc: ff49 bad0 | 1546 d644 | 0100 004c | 8954 2408 | 48c7 0424 | ffff ffff 

  0x00000144c229e6f4: ;   {runtime_call counter_overflow Runtime1 stub}
  0x00000144c229e6f4: e887 7e1a 

  0x00000144c229e6f8: ; ImmutableOopMap {[160]=Oop [168]=Oop [208]=Oop [248]=Oop [256]=Oop [264]=Oop }
                      ;*synchronization entry
                      ; - java.lang.StringBuilder::append@-1
                      ; - org.eclipse.osgi.internal.loader.BundleLoader::findClass0@202 (line 502)
  0x00000144c229e6f8: 07e9 61d7 

  0x00000144c229e6fc: ;   {metadata({method} {0x00000144d6461630} 'append' '(Ljava/lang/Object;)Ljava/lang/StringBuilder;' in 'java/lang/StringBuilder')}
  0x00000144c229e6fc: ffff 49ba | 2816 46d6 | 4401 0000 | 4c89 5424 | 0848 c704 | 24ff ffff 

  0x00000144c229e714: ;   {runtime_call counter_overflow Runtime1 stub}
  0x00000144c229e714: ffe8 667e 

  0x00000144c229e718: ; ImmutableOopMap {[160]=Oop [168]=Oop [208]=Oop [248]=Oop [256]=Oop [264]=Oop }
                      ;*synchronization entry
                      ; - java.lang.StringBuilder::append@-1
                      ; - org.eclipse.osgi.internal.loader.BundleLoader::findClass0@207 (line 502)
  0x00000144c229e718: 1a07 e9be 

  0x00000144c229e71c: ;   {metadata({method} {0x00000144d6454d70} 'valueOf' '(Ljava/lang/Object;)Ljava/lang/String;' in 'java/lang/String')}
  0x00000144c229e71c: d7ff ff49 | ba68 4d45 | d644 0100 | 004c 8954 | 2408 48c7 | 0424 ffff 

  0x00000144c229e734: ;   {runtime_call counter_overflow Runtime1 stub}
  0x00000144c229e734: ffff e845 

  0x00000144c229e738: ; ImmutableOopMap {[160]=Oop [168]=Oop [208]=Oop [248]=Oop [256]=Oop [264]=Oop }
                      ;*synchronization entry
                      ; - java.lang.String::valueOf@-1
                      ; - java.lang.StringBuilder::append@2
                      ; - org.eclipse.osgi.internal.loader.BundleLoader::findClass0@207 (line 502)
  0x00000144c229e738: 7e1a 07e9 | d6d7 ffff 

  0x00000144c229e740: ;   {runtime_call throw_null_pointer_exception Runtime1 stub}
  0x00000144c229e740: e8bb 3e11 

  0x00000144c229e744: ; ImmutableOopMap {rbx=Oop [160]=Oop [168]=Oop [208]=Oop [248]=Oop [256]=Oop [264]=Oop }
                      ;*invokevirtual toString {reexecute=0 rethrow=0 return_oop=0}
                      ; - java.lang.String::valueOf@11
                      ; - java.lang.StringBuilder::append@2
                      ; - org.eclipse.osgi.internal.loader.BundleLoader::findClass0@207 (line 502)
                      ;   {metadata({method} {0x00000144d64615d8} 'append' '(Ljava/lang/String;)Ljava/lang/StringBuilder;' in 'java/lang/StringBuilder')}
  0x00000144c229e744: 0749 bad0 | 1546 d644 | 0100 004c | 8954 2408 | 48c7 0424 | ffff ffff 

  0x00000144c229e75c: ;   {runtime_call counter_overflow Runtime1 stub}
  0x00000144c229e75c: e81f 7e1a 

  0x00000144c229e760: ; ImmutableOopMap {rsi=Oop [160]=Oop [168]=Oop [208]=Oop [248]=Oop [256]=Oop [264]=Oop }
                      ;*synchronization entry
                      ; - java.lang.StringBuilder::append@-1
                      ; - java.lang.StringBuilder::append@5
                      ; - org.eclipse.osgi.internal.loader.BundleLoader::findClass0@207 (line 502)
  0x00000144c229e760: 07e9 f4d8 

  0x00000144c229e764: ;   {metadata({method} {0x00000144d6008958} 'toString' '()Ljava/lang/String;' in 'java/lang/StringBuilder')}
  0x00000144c229e764: ffff 49ba | 5089 00d6 | 4401 0000 | 4c89 5424 | 0848 c704 | 24ff ffff 

  0x00000144c229e77c: ;   {runtime_call counter_overflow Runtime1 stub}
  0x00000144c229e77c: ffe8 fe7d 

  0x00000144c229e780: ; ImmutableOopMap {r8=Oop [160]=Oop [168]=Oop [208]=Oop [256]=Oop [264]=Oop }
                      ;*synchronization entry
                      ; - java.lang.StringBuilder::toString@-1
                      ; - org.eclipse.osgi.internal.loader.BundleLoader::findClass0@210 (line 502)
  0x00000144c229e780: 1a07 e949 | d9ff ff48 

  0x00000144c229e788: ;   {runtime_call fast_new_instance Runtime1 stub}
  0x00000144c229e788: 8bd2 e871 

  0x00000144c229e78c: ; ImmutableOopMap {r8=Oop [160]=Oop [168]=Oop [208]=Oop [256]=Oop [264]=Oop }
                      ;*new {reexecute=0 rethrow=0 return_oop=0}
                      ; - java.lang.StringBuilder::toString@0
                      ; - org.eclipse.osgi.internal.loader.BundleLoader::findClass0@210 (line 502)
  0x00000144c229e78c: 3511 07e9 | 8cd9 ffff 

  0x00000144c229e794: ;   {metadata({method} {0x00000144d64558c8} '<init>' '(Ljava/lang/StringBuilder;)V' in 'java/lang/String')}
  0x00000144c229e794: 49ba c058 | 45d6 4401 | 0000 4c89 | 5424 0848 | c704 24ff 

  0x00000144c229e7a8: ;   {runtime_call counter_overflow Runtime1 stub}
  0x00000144c229e7a8: ffff ffe8 

  0x00000144c229e7ac: ; ImmutableOopMap {r8=Oop rax=Oop [160]=Oop [168]=Oop [208]=Oop [256]=Oop [264]=Oop }
                      ;*synchronization entry
                      ; - java.lang.String::<init>@-1
                      ; - java.lang.StringBuilder::toString@5
                      ; - org.eclipse.osgi.internal.loader.BundleLoader::findClass0@210 (line 502)
  0x00000144c229e7ac: d07d 1a07 | e9a9 d9ff 

  0x00000144c229e7b4: ;   {runtime_call throw_null_pointer_exception Runtime1 stub}
  0x00000144c229e7b4: ffe8 463e 

  0x00000144c229e7b8: ; ImmutableOopMap {r11=Oop [160]=Oop [168]=Oop [208]=Oop [256]=Oop [264]=Oop [272]=Oop }
                      ;*invokevirtual trace {reexecute=0 rethrow=0 return_oop=0}
                      ; - org.eclipse.osgi.internal.loader.BundleLoader::findClass0@213 (line 502)
                      ;   {metadata({method} {0x00000145184e5400} 'trace' '(Ljava/lang/String;Ljava/lang/String;)V' in 'org/eclipse/osgi/internal/debug/Debug')}
  0x00000144c229e7b8: 1107 49ba | f853 4e18 | 4501 0000 | 4c89 5424 | 0848 c704 | 24ff ffff 

  0x00000144c229e7d0: ;   {runtime_call counter_overflow Runtime1 stub}
  0x00000144c229e7d0: ffe8 aa7d 

  0x00000144c229e7d4: ; ImmutableOopMap {r11=Oop [160]=Oop [168]=Oop [208]=Oop [256]=Oop [264]=Oop [272]=Oop }
                      ;*synchronization entry
                      ; - org.eclipse.osgi.internal.debug.Debug::trace@-1 (line 256)
                      ; - org.eclipse.osgi.internal.loader.BundleLoader::findClass0@213 (line 502)
  0x00000144c229e7d4: 1a07 e91e 

  0x00000144c229e7d8: ;   {runtime_call throw_incompatible_class_change_error Runtime1 stub}
  0x00000144c229e7d8: daff ffe8 

  0x00000144c229e7dc: ; ImmutableOopMap {rdx=Oop [160]=Oop [168]=Oop [208]=Oop [256]=Oop [272]=Oop }
                      ;*invokeinterface getLogger {reexecute=0 rethrow=0 return_oop=0}
                      ; - org.eclipse.osgi.internal.debug.Debug::trace@11 (line 265)
                      ; - org.eclipse.osgi.internal.loader.BundleLoader::findClass0@213 (line 502)
  0x00000144c229e7dc: 2017 1107 

  0x00000144c229e7e0: ;   {runtime_call throw_null_pointer_exception Runtime1 stub}
  0x00000144c229e7e0: e81b 3e11 

  0x00000144c229e7e4: ; ImmutableOopMap {rdx=Oop [160]=Oop [168]=Oop [208]=Oop [256]=Oop [272]=Oop }
                      ;*invokeinterface getLogger {reexecute=0 rethrow=0 return_oop=0}
                      ; - org.eclipse.osgi.internal.debug.Debug::trace@11 (line 265)
                      ; - org.eclipse.osgi.internal.loader.BundleLoader::findClass0@213 (line 502)
                      ;   {metadata({method} {0x000001451850ca90} 'getLogger' '(Ljava/lang/String;)Lorg/osgi/service/log/Logger;' in 'org/eclipse/osgi/internal/log/ExtendedLogServiceImpl')}
  0x00000144c229e7e4: 0749 ba88 | ca50 1845 | 0100 004c | 8954 2408 | 48c7 0424 | ffff ffff 

  0x00000144c229e7fc: ;   {runtime_call counter_overflow Runtime1 stub}
  0x00000144c229e7fc: e87f 7d1a 

  0x00000144c229e800: ; ImmutableOopMap {rdx=Oop [160]=Oop [168]=Oop [208]=Oop [256]=Oop [272]=Oop }
                      ;*synchronization entry
                      ; - org.eclipse.osgi.internal.log.ExtendedLogServiceImpl::getLogger@-1 (line 1)
                      ; - org.eclipse.osgi.internal.debug.Debug::trace@11 (line 265)
                      ; - org.eclipse.osgi.internal.loader.BundleLoader::findClass0@213 (line 502)
  0x00000144c229e800: 07e9 b0da 

  0x00000144c229e804: ;   {metadata({method} {0x000001451850a318} 'getLogger' '(Ljava/lang/String;)Lorg/eclipse/equinox/log/Logger;' in 'org/eclipse/osgi/internal/log/ExtendedLogServiceImpl')}
  0x00000144c229e804: ffff 49ba | 10a3 5018 | 4501 0000 | 4c89 5424 | 0848 c704 | 24ff ffff 

  0x00000144c229e81c: ;   {runtime_call counter_overflow Runtime1 stub}
  0x00000144c229e81c: ffe8 5e7d 

  0x00000144c229e820: ; ImmutableOopMap {rdx=Oop [160]=Oop [168]=Oop [208]=Oop [256]=Oop [272]=Oop }
                      ;*synchronization entry
                      ; - org.eclipse.osgi.internal.log.ExtendedLogServiceImpl::getLogger@-1 (line 73)
                      ; - org.eclipse.osgi.internal.log.ExtendedLogServiceImpl::getLogger@2 (line 1)
                      ; - org.eclipse.osgi.internal.debug.Debug::trace@11 (line 265)
                      ; - org.eclipse.osgi.internal.loader.BundleLoader::findClass0@213 (line 502)
  0x00000144c229e820: 1a07 e9e1 | daff ff48 

  0x00000144c229e828: ;   {runtime_call throw_class_cast_exception Runtime1 stub}
  0x00000144c229e828: 8904 24e8 

  0x00000144c229e82c: ; ImmutableOopMap {[160]=Oop [168]=Oop [208]=Oop [256]=Oop [272]=Oop }
                      ;*checkcast {reexecute=0 rethrow=0 return_oop=0}
                      ; - org.eclipse.osgi.internal.log.ExtendedLogServiceImpl::getLogger@7 (line 73)
                      ; - org.eclipse.osgi.internal.log.ExtendedLogServiceImpl::getLogger@2 (line 1)
                      ; - org.eclipse.osgi.internal.debug.Debug::trace@11 (line 265)
                      ; - org.eclipse.osgi.internal.loader.BundleLoader::findClass0@213 (line 502)
  0x00000144c229e82c: d019 1107 

  0x00000144c229e830: ;   {runtime_call throw_null_pointer_exception Runtime1 stub}
  0x00000144c229e830: e8cb 3d11 

  0x00000144c229e834: ; ImmutableOopMap {rdx=Oop [160]=Oop [168]=Oop [208]=Oop [256]=Oop [272]=Oop }
                      ;*invokeinterface debug {reexecute=0 rethrow=0 return_oop=0}
                      ; - org.eclipse.osgi.internal.debug.Debug::trace@17 (line 265)
                      ; - org.eclipse.osgi.internal.loader.BundleLoader::findClass0@213 (line 502)
                      ;   {runtime_call throw_null_pointer_exception Runtime1 stub}
  0x00000144c229e834: 07e8 c63d 

  0x00000144c229e838: ; ImmutableOopMap {rax=Oop rdx=Oop [160]=Oop [168]=Oop [208]=Oop [256]=Oop }
                      ;*invokevirtual println {reexecute=0 rethrow=0 return_oop=0}
                      ; - org.eclipse.osgi.internal.debug.Debug::trace@29 (line 267)
                      ; - org.eclipse.osgi.internal.loader.BundleLoader::findClass0@213 (line 502)
                      ;   {runtime_call throw_null_pointer_exception Runtime1 stub}
  0x00000144c229e838: 1107 e8c1 

  0x00000144c229e83c: ; ImmutableOopMap {rbx=Oop [160]=Oop [168]=Oop [208]=Oop [256]=Oop }
                      ;*invokevirtual loadClass {reexecute=0 rethrow=0 return_oop=0}
                      ; - org.eclipse.osgi.internal.loader.BundleLoader::findClass0@219 (line 505)
                      ;   {runtime_call throw_null_pointer_exception Runtime1 stub}
  0x00000144c229e83c: 3d11 07e8 

  0x00000144c229e840: ; ImmutableOopMap {rax=Oop [160]=Oop [168]=Oop [208]=Oop }
                      ;*invokevirtual publicFindLoaded {reexecute=0 rethrow=0 return_oop=0}
                      ; - org.eclipse.osgi.internal.loader.BundleLoader::findClass0@234 (line 509)
  0x00000144c229e840: bc3d 1107 

  0x00000144c229e844: ;   {metadata({method} {0x00000145186241f0} 'publicFindLoaded' '(Ljava/lang/String;)Ljava/lang/Class;' in 'org/eclipse/osgi/internal/loader/ModuleClassLoader')}
  0x00000144c229e844: 49ba e841 | 6218 4501 | 0000 4c89 | 5424 0848 | c704 24ff 

  0x00000144c229e858: ;   {runtime_call counter_overflow Runtime1 stub}
  0x00000144c229e858: ffff ffe8 

  0x00000144c229e85c: ; ImmutableOopMap {rax=Oop [160]=Oop [168]=Oop [208]=Oop }
                      ;*synchronization entry
                      ; - org.eclipse.osgi.internal.loader.ModuleClassLoader::publicFindLoaded@-1 (line 323)
                      ; - org.eclipse.osgi.internal.loader.BundleLoader::findClass0@234 (line 509)
  0x00000144c229e85c: 207d 1a07 | e987 dfff 

  0x00000144c229e864: ;   {metadata({method} {0x0000014518624f10} 'getClassLoadingLock' '(Ljava/lang/String;)Ljava/lang/Object;' in 'org/eclipse/osgi/internal/loader/ModuleClassLoader')}
  0x00000144c229e864: ff49 ba08 | 4f62 1845 | 0100 004c | 8954 2408 | 48c7 0424 | ffff ffff 

  0x00000144c229e87c: ;   {runtime_call counter_overflow Runtime1 stub}
  0x00000144c229e87c: e8ff 7c1a 

  0x00000144c229e880: ; ImmutableOopMap {rax=Oop [160]=Oop [168]=Oop [208]=Oop }
                      ;*synchronization entry
                      ; - org.eclipse.osgi.internal.loader.ModuleClassLoader::getClassLoadingLock@-1 (line 437)
                      ; - org.eclipse.osgi.internal.loader.ModuleClassLoader::publicFindLoaded@2 (line 323)
                      ; - org.eclipse.osgi.internal.loader.BundleLoader::findClass0@234 (line 509)
  0x00000144c229e880: 07e9 23e0 

  0x00000144c229e884: ;   {runtime_call throw_null_pointer_exception Runtime1 stub}
  0x00000144c229e884: ffff e875 

  0x00000144c229e888: ; ImmutableOopMap {rax=Oop rdx=Oop [160]=Oop [168]=Oop [208]=Oop }
                      ;*invokevirtual getLock {reexecute=0 rethrow=0 return_oop=0}
                      ; - org.eclipse.osgi.internal.loader.ModuleClassLoader::getClassLoadingLock@5 (line 437)
                      ; - org.eclipse.osgi.internal.loader.ModuleClassLoader::publicFindLoaded@2 (line 323)
                      ; - org.eclipse.osgi.internal.loader.BundleLoader::findClass0@234 (line 509)
                      ;   {runtime_call throw_null_pointer_exception Runtime1 stub}
  0x00000144c229e888: 3d11 07e8 

  0x00000144c229e88c: ; ImmutableOopMap {rsi=Oop [160]=Oop [168]=Oop [208]=Oop [280]=Oop [288]=Oop }
                      ;*monitorenter {reexecute=0 rethrow=0 return_oop=0}
                      ; - org.eclipse.osgi.internal.loader.ModuleClassLoader::publicFindLoaded@7 (line 323)
                      ; - org.eclipse.osgi.internal.loader.BundleLoader::findClass0@234 (line 509)
  0x00000144c229e88c: 703d 1107 | 4889 7424 | 0848 8914 

  0x00000144c229e898: ;   {runtime_call monitorenter_nofpu Runtime1 stub}
  0x00000144c229e898: 24e8 e222 

  0x00000144c229e89c: ; ImmutableOopMap {rsi=Oop [160]=Oop [168]=Oop [208]=Oop [280]=Oop [288]=Oop [344]=Oop }
                      ;*monitorenter {reexecute=0 rethrow=0 return_oop=0}
                      ; - org.eclipse.osgi.internal.loader.ModuleClassLoader::publicFindLoaded@7 (line 323)
                      ; - org.eclipse.osgi.internal.loader.BundleLoader::findClass0@234 (line 509)
  0x00000144c229e89c: 1a07 e986 

  0x00000144c229e8a0: ;   {metadata({method} {0x00000144d6434ed0} 'findLoadedClass' '(Ljava/lang/String;)Ljava/lang/Class;' in 'java/lang/ClassLoader')}
  0x00000144c229e8a0: e0ff ff49 | bac8 4e43 | d644 0100 | 004c 8954 | 2408 48c7 | 0424 ffff 

  0x00000144c229e8b8: ;   {runtime_call counter_overflow Runtime1 stub}
  0x00000144c229e8b8: ffff e8c1 

  0x00000144c229e8bc: ; ImmutableOopMap {[160]=Oop [168]=Oop [208]=Oop [280]=Oop [288]=Oop [344]=Oop }
                      ;*synchronization entry
                      ; - java.lang.ClassLoader::findLoadedClass@-1
                      ; - org.eclipse.osgi.internal.loader.ModuleClassLoader::publicFindLoaded@10 (line 324)
                      ; - org.eclipse.osgi.internal.loader.BundleLoader::findClass0@234 (line 509)
  0x00000144c229e8bc: 7c1a 07e9 | a6e0 ffff | 488d 8424 | 5001 0000 | 4889 0424 

  0x00000144c229e8d0: ;   {runtime_call monitorexit_nofpu Runtime1 stub}
  0x00000144c229e8d0: e8ab 281a | 07e9 5fe1 

  0x00000144c229e8d8: ;   {internal_word}
  0x00000144c229e8d8: ffff 49ba | 73ca 29c2 | 4401 0000 | 4d89 9768 

  0x00000144c229e8e8: ;   {runtime_call SafepointBlob}
  0x00000144c229e8e8: 0400 00e9 | 1062 0f07 

  0x00000144c229e8f0: ;   {runtime_call fast_new_instance Runtime1 stub}
  0x00000144c229e8f0: 488b d2e8 

  0x00000144c229e8f4: ; ImmutableOopMap {r9=Oop [160]=Oop [168]=Oop [184]=Oop [208]=Oop [304]=Oop [312]=Oop }
                      ;*new {reexecute=0 rethrow=0 return_oop=0}
                      ; - org.eclipse.osgi.internal.loader.BundleLoader::findClass0@281 (line 520)
  0x00000144c229e8f4: 0834 1107 | e9ae e2ff 

  0x00000144c229e8fc: ;   {metadata({method} {0x00000144d6461898} '<init>' '(Ljava/lang/String;)V' in 'java/lang/StringBuilder')}
  0x00000144c229e8fc: ff49 ba90 | 1846 d644 | 0100 004c | 8954 2408 | 48c7 0424 | ffff ffff 

  0x00000144c229e914: ;   {runtime_call counter_overflow Runtime1 stub}
  0x00000144c229e914: e867 7c1a 

  0x00000144c229e918: ; ImmutableOopMap {r9=Oop rax=Oop [160]=Oop [168]=Oop [184]=Oop [208]=Oop [304]=Oop [312]=Oop }
                      ;*synchronization entry
                      ; - java.lang.StringBuilder::<init>@-1
                      ; - org.eclipse.osgi.internal.loader.BundleLoader::findClass0@288 (line 520)
  0x00000144c229e918: 07e9 cbe2 

  0x00000144c229e91c: ;   {metadata({method} {0x00000144d6461630} 'append' '(Ljava/lang/Object;)Ljava/lang/StringBuilder;' in 'java/lang/StringBuilder')}
  0x00000144c229e91c: ffff 49ba | 2816 46d6 | 4401 0000 | 4c89 5424 | 0848 c704 | 24ff ffff 

  0x00000144c229e934: ;   {runtime_call counter_overflow Runtime1 stub}
  0x00000144c229e934: ffe8 467c 

  0x00000144c229e938: ; ImmutableOopMap {[160]=Oop [168]=Oop [184]=Oop [208]=Oop [296]=Oop [304]=Oop [312]=Oop }
                      ;*synchronization entry
                      ; - java.lang.StringBuilder::append@-1
                      ; - org.eclipse.osgi.internal.loader.BundleLoader::findClass0@292 (line 520)
  0x00000144c229e938: 1a07 e926 

  0x00000144c229e93c: ;   {metadata({method} {0x00000144d6454d70} 'valueOf' '(Ljava/lang/Object;)Ljava/lang/String;' in 'java/lang/String')}
  0x00000144c229e93c: e3ff ff49 | ba68 4d45 | d644 0100 | 004c 8954 | 2408 48c7 | 0424 ffff 

  0x00000144c229e954: ;   {runtime_call counter_overflow Runtime1 stub}
  0x00000144c229e954: ffff e825 

  0x00000144c229e958: ; ImmutableOopMap {[160]=Oop [168]=Oop [184]=Oop [208]=Oop [296]=Oop [304]=Oop [312]=Oop }
                      ;*synchronization entry
                      ; - java.lang.String::valueOf@-1
                      ; - java.lang.StringBuilder::append@2
                      ; - org.eclipse.osgi.internal.loader.BundleLoader::findClass0@292 (line 520)
  0x00000144c229e958: 7c1a 07e9 | 3ee3 ffff 

  0x00000144c229e960: ;   {metadata({method} {0x00000144d64615d8} 'append' '(Ljava/lang/String;)Ljava/lang/StringBuilder;' in 'java/lang/StringBuilder')}
  0x00000144c229e960: 49ba d015 | 46d6 4401 | 0000 4c89 | 5424 0848 | c704 24ff 

  0x00000144c229e974: ;   {runtime_call counter_overflow Runtime1 stub}
  0x00000144c229e974: ffff ffe8 

  0x00000144c229e978: ; ImmutableOopMap {rax=Oop [160]=Oop [168]=Oop [184]=Oop [208]=Oop [296]=Oop [304]=Oop [312]=Oop }
                      ;*synchronization entry
                      ; - java.lang.StringBuilder::append@-1
                      ; - java.lang.StringBuilder::append@5
                      ; - org.eclipse.osgi.internal.loader.BundleLoader::findClass0@292 (line 520)
  0x00000144c229e978: 047c 1a07 | e91e e4ff 

  0x00000144c229e980: ;   {metadata({method} {0x00000144d64615d8} 'append' '(Ljava/lang/String;)Ljava/lang/StringBuilder;' in 'java/lang/StringBuilder')}
  0x00000144c229e980: ff49 bad0 | 1546 d644 | 0100 004c | 8954 2408 | 48c7 0424 | ffff ffff 

  0x00000144c229e998: ;   {runtime_call counter_overflow Runtime1 stub}
  0x00000144c229e998: e8e3 7b1a 

  0x00000144c229e99c: ; ImmutableOopMap {[160]=Oop [168]=Oop [184]=Oop [208]=Oop [296]=Oop [304]=Oop [312]=Oop }
                      ;*synchronization entry
                      ; - java.lang.StringBuilder::append@-1
                      ; - org.eclipse.osgi.internal.loader.BundleLoader::findClass0@298 (line 520)
  0x00000144c229e99c: 07e9 75e4 

  0x00000144c229e9a0: ;   {metadata({method} {0x00000144d6461630} 'append' '(Ljava/lang/Object;)Ljava/lang/StringBuilder;' in 'java/lang/StringBuilder')}
  0x00000144c229e9a0: ffff 49ba | 2816 46d6 | 4401 0000 | 4c89 5424 | 0848 c704 | 24ff ffff 

  0x00000144c229e9b8: ;   {runtime_call counter_overflow Runtime1 stub}
  0x00000144c229e9b8: ffe8 c27b 

  0x00000144c229e9bc: ; ImmutableOopMap {[160]=Oop [168]=Oop [184]=Oop [208]=Oop [296]=Oop [304]=Oop [312]=Oop }
                      ;*synchronization entry
                      ; - java.lang.StringBuilder::append@-1
                      ; - org.eclipse.osgi.internal.loader.BundleLoader::findClass0@303 (line 520)
  0x00000144c229e9bc: 1a07 e9d2 

  0x00000144c229e9c0: ;   {metadata({method} {0x00000144d6454d70} 'valueOf' '(Ljava/lang/Object;)Ljava/lang/String;' in 'java/lang/String')}
  0x00000144c229e9c0: e4ff ff49 | ba68 4d45 | d644 0100 | 004c 8954 | 2408 48c7 | 0424 ffff 

  0x00000144c229e9d8: ;   {runtime_call counter_overflow Runtime1 stub}
  0x00000144c229e9d8: ffff e8a1 

  0x00000144c229e9dc: ; ImmutableOopMap {[160]=Oop [168]=Oop [184]=Oop [208]=Oop [296]=Oop [304]=Oop [312]=Oop }
                      ;*synchronization entry
                      ; - java.lang.String::valueOf@-1
                      ; - java.lang.StringBuilder::append@2
                      ; - org.eclipse.osgi.internal.loader.BundleLoader::findClass0@303 (line 520)
  0x00000144c229e9dc: 7b1a 07e9 | eae4 ffff 

  0x00000144c229e9e4: ;   {runtime_call throw_null_pointer_exception Runtime1 stub}
  0x00000144c229e9e4: e817 3c11 

  0x00000144c229e9e8: ; ImmutableOopMap {rax=Oop [160]=Oop [168]=Oop [184]=Oop [208]=Oop [296]=Oop [304]=Oop [312]=Oop }
                      ;*invokevirtual toString {reexecute=0 rethrow=0 return_oop=0}
                      ; - java.lang.String::valueOf@11
                      ; - java.lang.StringBuilder::append@2
                      ; - org.eclipse.osgi.internal.loader.BundleLoader::findClass0@303 (line 520)
                      ;   {metadata({method} {0x00000144d64615d8} 'append' '(Ljava/lang/String;)Ljava/lang/StringBuilder;' in 'java/lang/StringBuilder')}
  0x00000144c229e9e8: 0749 bad0 | 1546 d644 | 0100 004c | 8954 2408 | 48c7 0424 | ffff ffff 

  0x00000144c229ea00: ;   {runtime_call counter_overflow Runtime1 stub}
  0x00000144c229ea00: e87b 7b1a 

  0x00000144c229ea04: ; ImmutableOopMap {rsi=Oop [160]=Oop [168]=Oop [184]=Oop [208]=Oop [296]=Oop [304]=Oop [312]=Oop }
                      ;*synchronization entry
                      ; - java.lang.StringBuilder::append@-1
                      ; - java.lang.StringBuilder::append@5
                      ; - org.eclipse.osgi.internal.loader.BundleLoader::findClass0@303 (line 520)
  0x00000144c229ea04: 07e9 08e6 

  0x00000144c229ea08: ;   {metadata({method} {0x00000144d6008958} 'toString' '()Ljava/lang/String;' in 'java/lang/StringBuilder')}
  0x00000144c229ea08: ffff 49ba | 5089 00d6 | 4401 0000 | 4c89 5424 | 0848 c704 | 24ff ffff 

  0x00000144c229ea20: ;   {runtime_call counter_overflow Runtime1 stub}
  0x00000144c229ea20: ffe8 5a7b 

  0x00000144c229ea24: ; ImmutableOopMap {r8=Oop [160]=Oop [168]=Oop [184]=Oop [208]=Oop [304]=Oop [312]=Oop }
                      ;*synchronization entry
                      ; - java.lang.StringBuilder::toString@-1
                      ; - org.eclipse.osgi.internal.loader.BundleLoader::findClass0@306 (line 520)
  0x00000144c229ea24: 1a07 e95d | e6ff ff48 

  0x00000144c229ea2c: ;   {runtime_call fast_new_instance Runtime1 stub}
  0x00000144c229ea2c: 8bd2 e8cd 

  0x00000144c229ea30: ; ImmutableOopMap {r8=Oop [160]=Oop [168]=Oop [184]=Oop [208]=Oop [304]=Oop [312]=Oop }
                      ;*new {reexecute=0 rethrow=0 return_oop=0}
                      ; - java.lang.StringBuilder::toString@0
                      ; - org.eclipse.osgi.internal.loader.BundleLoader::findClass0@306 (line 520)
  0x00000144c229ea30: 3211 07e9 | a0e6 ffff 

  0x00000144c229ea38: ;   {metadata({method} {0x00000144d64558c8} '<init>' '(Ljava/lang/StringBuilder;)V' in 'java/lang/String')}
  0x00000144c229ea38: 49ba c058 | 45d6 4401 | 0000 4c89 | 5424 0848 | c704 24ff 

  0x00000144c229ea4c: ;   {runtime_call counter_overflow Runtime1 stub}
  0x00000144c229ea4c: ffff ffe8 

  0x00000144c229ea50: ; ImmutableOopMap {r8=Oop rax=Oop [160]=Oop [168]=Oop [184]=Oop [208]=Oop [304]=Oop [312]=Oop }
                      ;*synchronization entry
                      ; - java.lang.String::<init>@-1
                      ; - java.lang.StringBuilder::toString@5
                      ; - org.eclipse.osgi.internal.loader.BundleLoader::findClass0@306 (line 520)
  0x00000144c229ea50: 2c7b 1a07 | e9bb e6ff 

  0x00000144c229ea58: ;   {runtime_call throw_null_pointer_exception Runtime1 stub}
  0x00000144c229ea58: ffe8 a23b 

  0x00000144c229ea5c: ; ImmutableOopMap {r9=Oop [160]=Oop [168]=Oop [184]=Oop [208]=Oop [304]=Oop [312]=Oop [320]=Oop }
                      ;*invokevirtual trace {reexecute=0 rethrow=0 return_oop=0}
                      ; - org.eclipse.osgi.internal.loader.BundleLoader::findClass0@309 (line 519)
                      ;   {metadata({method} {0x00000145184e5400} 'trace' '(Ljava/lang/String;Ljava/lang/String;)V' in 'org/eclipse/osgi/internal/debug/Debug')}
  0x00000144c229ea5c: 1107 49ba | f853 4e18 | 4501 0000 | 4c89 5424 | 0848 c704 | 24ff ffff 

  0x00000144c229ea74: ;   {runtime_call counter_overflow Runtime1 stub}
  0x00000144c229ea74: ffe8 067b 

  0x00000144c229ea78: ; ImmutableOopMap {r9=Oop [160]=Oop [168]=Oop [184]=Oop [208]=Oop [304]=Oop [312]=Oop [320]=Oop }
                      ;*synchronization entry
                      ; - org.eclipse.osgi.internal.debug.Debug::trace@-1 (line 256)
                      ; - org.eclipse.osgi.internal.loader.BundleLoader::findClass0@309 (line 519)
  0x00000144c229ea78: 1a07 e927 

  0x00000144c229ea7c: ;   {runtime_call throw_incompatible_class_change_error Runtime1 stub}
  0x00000144c229ea7c: e7ff ffe8 

  0x00000144c229ea80: ; ImmutableOopMap {rdx=Oop [160]=Oop [168]=Oop [184]=Oop [208]=Oop [304]=Oop [320]=Oop }
                      ;*invokeinterface getLogger {reexecute=0 rethrow=0 return_oop=0}
                      ; - org.eclipse.osgi.internal.debug.Debug::trace@11 (line 265)
                      ; - org.eclipse.osgi.internal.loader.BundleLoader::findClass0@309 (line 519)
  0x00000144c229ea80: 7c14 1107 

  0x00000144c229ea84: ;   {runtime_call throw_null_pointer_exception Runtime1 stub}
  0x00000144c229ea84: e877 3b11 

  0x00000144c229ea88: ; ImmutableOopMap {rdx=Oop [160]=Oop [168]=Oop [184]=Oop [208]=Oop [304]=Oop [320]=Oop }
                      ;*invokeinterface getLogger {reexecute=0 rethrow=0 return_oop=0}
                      ; - org.eclipse.osgi.internal.debug.Debug::trace@11 (line 265)
                      ; - org.eclipse.osgi.internal.loader.BundleLoader::findClass0@309 (line 519)
                      ;   {metadata({method} {0x000001451850ca90} 'getLogger' '(Ljava/lang/String;)Lorg/osgi/service/log/Logger;' in 'org/eclipse/osgi/internal/log/ExtendedLogServiceImpl')}
  0x00000144c229ea88: 0749 ba88 | ca50 1845 | 0100 004c | 8954 2408 | 48c7 0424 | ffff ffff 

  0x00000144c229eaa0: ;   {runtime_call counter_overflow Runtime1 stub}
  0x00000144c229eaa0: e8db 7a1a 

  0x00000144c229eaa4: ; ImmutableOopMap {rdx=Oop [160]=Oop [168]=Oop [184]=Oop [208]=Oop [304]=Oop [320]=Oop }
                      ;*synchronization entry
                      ; - org.eclipse.osgi.internal.log.ExtendedLogServiceImpl::getLogger@-1 (line 1)
                      ; - org.eclipse.osgi.internal.debug.Debug::trace@11 (line 265)
                      ; - org.eclipse.osgi.internal.loader.BundleLoader::findClass0@309 (line 519)
  0x00000144c229eaa4: 07e9 b9e7 

  0x00000144c229eaa8: ;   {metadata({method} {0x000001451850a318} 'getLogger' '(Ljava/lang/String;)Lorg/eclipse/equinox/log/Logger;' in 'org/eclipse/osgi/internal/log/ExtendedLogServiceImpl')}
  0x00000144c229eaa8: ffff 49ba | 10a3 5018 | 4501 0000 | 4c89 5424 | 0848 c704 | 24ff ffff 

  0x00000144c229eac0: ;   {runtime_call counter_overflow Runtime1 stub}
  0x00000144c229eac0: ffe8 ba7a 

  0x00000144c229eac4: ; ImmutableOopMap {rdx=Oop [160]=Oop [168]=Oop [184]=Oop [208]=Oop [304]=Oop [320]=Oop }
                      ;*synchronization entry
                      ; - org.eclipse.osgi.internal.log.ExtendedLogServiceImpl::getLogger@-1 (line 73)
                      ; - org.eclipse.osgi.internal.log.ExtendedLogServiceImpl::getLogger@2 (line 1)
                      ; - org.eclipse.osgi.internal.debug.Debug::trace@11 (line 265)
                      ; - org.eclipse.osgi.internal.loader.BundleLoader::findClass0@309 (line 519)
  0x00000144c229eac4: 1a07 e9ea | e7ff ff48 

  0x00000144c229eacc: ;   {runtime_call throw_class_cast_exception Runtime1 stub}
  0x00000144c229eacc: 8904 24e8 

  0x00000144c229ead0: ; ImmutableOopMap {[160]=Oop [168]=Oop [184]=Oop [208]=Oop [304]=Oop [320]=Oop }
                      ;*checkcast {reexecute=0 rethrow=0 return_oop=0}
                      ; - org.eclipse.osgi.internal.log.ExtendedLogServiceImpl::getLogger@7 (line 73)
                      ; - org.eclipse.osgi.internal.log.ExtendedLogServiceImpl::getLogger@2 (line 1)
                      ; - org.eclipse.osgi.internal.debug.Debug::trace@11 (line 265)
                      ; - org.eclipse.osgi.internal.loader.BundleLoader::findClass0@309 (line 519)
  0x00000144c229ead0: 2c17 1107 

  0x00000144c229ead4: ;   {runtime_call throw_null_pointer_exception Runtime1 stub}
  0x00000144c229ead4: e827 3b11 

  0x00000144c229ead8: ; ImmutableOopMap {rdx=Oop [160]=Oop [168]=Oop [184]=Oop [208]=Oop [304]=Oop [320]=Oop }
                      ;*invokeinterface debug {reexecute=0 rethrow=0 return_oop=0}
                      ; - org.eclipse.osgi.internal.debug.Debug::trace@17 (line 265)
                      ; - org.eclipse.osgi.internal.loader.BundleLoader::findClass0@309 (line 519)
                      ;   {runtime_call throw_null_pointer_exception Runtime1 stub}
  0x00000144c229ead8: 07e8 223b 

  0x00000144c229eadc: ; ImmutableOopMap {rax=Oop rdx=Oop [160]=Oop [168]=Oop [184]=Oop [208]=Oop [304]=Oop }
                      ;*invokevirtual println {reexecute=0 rethrow=0 return_oop=0}
                      ; - org.eclipse.osgi.internal.debug.Debug::trace@29 (line 267)
                      ; - org.eclipse.osgi.internal.loader.BundleLoader::findClass0@309 (line 519)
                      ;   {runtime_call throw_null_pointer_exception Runtime1 stub}
  0x00000144c229eadc: 1107 e81d 

  0x00000144c229eae0: ; ImmutableOopMap {rax=Oop [160]=Oop [168]=Oop [184]=Oop [208]=Oop [304]=Oop }
                      ;*invokevirtual loadClass {reexecute=0 rethrow=0 return_oop=0}
                      ; - org.eclipse.osgi.internal.loader.BundleLoader::findClass0@315 (line 523)
  0x00000144c229eae0: 3b11 0748 

  0x00000144c229eae4: ;   {runtime_call throw_class_cast_exception Runtime1 stub}
  0x00000144c229eae4: 8904 24e8 

  0x00000144c229eae8: ; ImmutableOopMap {[160]=Oop [168]=Oop [208]=Oop [328]=Oop }
                      ;*checkcast {reexecute=0 rethrow=0 return_oop=0}
                      ; - org.eclipse.osgi.internal.loader.BundleLoader::findClass0@394 (line 544)
  0x00000144c229eae8: 1417 1107 

  0x00000144c229eaec: ;   {runtime_call throw_null_pointer_exception Runtime1 stub}
  0x00000144c229eaec: e80f 3b11 

  0x00000144c229eaf0: ; ImmutableOopMap {rax=Oop [160]=Oop [168]=Oop [208]=Oop }
                      ;*invokevirtual loadClass {reexecute=0 rethrow=0 return_oop=0}
                      ; - org.eclipse.osgi.internal.loader.BundleLoader::findClass0@361 (line 535)
                      ;   {internal_word}
  0x00000144c229eaf0: 0749 ba3b | da29 c244 | 0100 004d | 8997 6804 

  0x00000144c229eb00: ;   {runtime_call SafepointBlob}
  0x00000144c229eb00: 0000 e9f9 

  0x00000144c229eb04: ;   {runtime_call throw_null_pointer_exception Runtime1 stub}
  0x00000144c229eb04: 5f0f 07e8 

  0x00000144c229eb08: ; ImmutableOopMap {rdi=Oop [160]=Oop [168]=Oop [208]=Oop }
                      ;*invokevirtual doBuddyClassLoading {reexecute=0 rethrow=0 return_oop=0}
                      ; - org.eclipse.osgi.internal.loader.BundleLoader::findClass0@421 (line 550)
  0x00000144c229eb08: f43a 1107 

  0x00000144c229eb0c: ;   {runtime_call throw_null_pointer_exception Runtime1 stub}
  0x00000144c229eb0c: e8ef 3a11 

  0x00000144c229eb10: ; ImmutableOopMap {rdx=Oop rsi=Oop [160]=Oop [168]=Oop [208]=Oop }
                      ;*invokevirtual getConfiguration {reexecute=0 rethrow=0 return_oop=0}
                      ; - org.eclipse.osgi.internal.loader.BundleLoader::findClass0@454 (line 556)
                      ;   {runtime_call throw_null_pointer_exception Runtime1 stub}
  0x00000144c229eb10: 07e8 ea3a 

  0x00000144c229eb14: ; ImmutableOopMap {rdx=Oop [160]=Oop [168]=Oop [208]=Oop }
                      ;*getfield compatibilityBootDelegation {reexecute=1 rethrow=0 return_oop=0}
                      ; - (reexecute) org.eclipse.osgi.internal.loader.BundleLoader::findClass0@457 (line 556)
                      ;   {runtime_call throw_null_pointer_exception Runtime1 stub}
  0x00000144c229eb14: 1107 e8e5 

  0x00000144c229eb18: ; ImmutableOopMap {rdx=Oop rsi=Oop [160]=Oop [168]=Oop [208]=Oop }
                      ;*invokevirtual loadClass {reexecute=0 rethrow=0 return_oop=0}
                      ; - org.eclipse.osgi.internal.loader.BundleLoader::findClass0@475 (line 559)
                      ;   {metadata({method} {0x00000144d60143f0} 'loadClass' '(Ljava/lang/String;)Ljava/lang/Class;' in 'java/lang/ClassLoader')}
  0x00000144c229eb18: 3a11 0749 | bae8 4301 | d644 0100 | 004c 8954 | 2408 48c7 | 0424 ffff 

  0x00000144c229eb30: ;   {runtime_call counter_overflow Runtime1 stub}
  0x00000144c229eb30: ffff e849 

  0x00000144c229eb34: ; ImmutableOopMap {rdx=Oop rsi=Oop [160]=Oop [168]=Oop [208]=Oop }
                      ;*synchronization entry
                      ; - java.lang.ClassLoader::loadClass@-1
                      ; - org.eclipse.osgi.internal.loader.BundleLoader::findClass0@475 (line 559)
  0x00000144c229eb34: 7a1a 07e9 | c5f2 ffff 

  0x00000144c229eb3c: ;   {internal_word}
  0x00000144c229eb3c: 49ba ccde | 29c2 4401 | 0000 4d89 | 9768 0400 

  0x00000144c229eb4c: ;   {runtime_call SafepointBlob}
  0x00000144c229eb4c: 00e9 ae5f 

  0x00000144c229eb50: ;   {internal_word}
  0x00000144c229eb50: 0f07 49ba | e5de 29c2 | 4401 0000 | 4d89 9768 

  0x00000144c229eb60: ;   {runtime_call SafepointBlob}
  0x00000144c229eb60: 0400 00e9 | 985f 0f07 

  0x00000144c229eb68: ;   {internal_word}
  0x00000144c229eb68: 49ba fbde | 29c2 4401 | 0000 4d89 | 9768 0400 

  0x00000144c229eb78: ;   {runtime_call SafepointBlob}
  0x00000144c229eb78: 00e9 825f 

  0x00000144c229eb7c: ;   {internal_word}
  0x00000144c229eb7c: 0f07 49ba | 5cdf 29c2 | 4401 0000 | 4d89 9768 

  0x00000144c229eb8c: ;   {runtime_call SafepointBlob}
  0x00000144c229eb8c: 0400 00e9 | 6c5f 0f07 

  0x00000144c229eb94: ;   {internal_word}
  0x00000144c229eb94: 49ba 75df | 29c2 4401 | 0000 4d89 | 9768 0400 

  0x00000144c229eba4: ;   {runtime_call SafepointBlob}
  0x00000144c229eba4: 00e9 565f 

  0x00000144c229eba8: ;   {internal_word}
  0x00000144c229eba8: 0f07 49ba | 8bdf 29c2 | 4401 0000 | 4d89 9768 

  0x00000144c229ebb8: ;   {runtime_call SafepointBlob}
  0x00000144c229ebb8: 0400 00e9 | 405f 0f07 

  0x00000144c229ebc0: ;   {internal_word}
  0x00000144c229ebc0: 49ba ecdf | 29c2 4401 | 0000 4d89 | 9768 0400 

  0x00000144c229ebd0: ;   {runtime_call SafepointBlob}
  0x00000144c229ebd0: 00e9 2a5f 

  0x00000144c229ebd4: ;   {internal_word}
  0x00000144c229ebd4: 0f07 49ba | 02e0 29c2 | 4401 0000 | 4d89 9768 

  0x00000144c229ebe4: ;   {runtime_call SafepointBlob}
  0x00000144c229ebe4: 0400 00e9 | 145f 0f07 

  0x00000144c229ebec: ;   {internal_word}
  0x00000144c229ebec: 49ba 18e0 | 29c2 4401 | 0000 4d89 | 9768 0400 

  0x00000144c229ebfc: ;   {runtime_call SafepointBlob}
  0x00000144c229ebfc: 00e9 fe5e 

  0x00000144c229ec00: ;   {runtime_call throw_null_pointer_exception Runtime1 stub}
  0x00000144c229ec00: 0f07 e8f9 

  0x00000144c229ec04: ; ImmutableOopMap {rdx=Oop [160]=Oop }
                      ;*invokevirtual loadClass {reexecute=0 rethrow=0 return_oop=0}
                      ; - org.eclipse.osgi.internal.loader.BundleLoader::findClass0@25 (line 470)
                      ;   {metadata({method} {0x00000144d60143f0} 'loadClass' '(Ljava/lang/String;)Ljava/lang/Class;' in 'java/lang/ClassLoader')}
  0x00000144c229ec04: 3911 0749 | bae8 4301 | d644 0100 | 004c 8954 | 2408 48c7 | 0424 ffff 

  0x00000144c229ec1c: ;   {runtime_call counter_overflow Runtime1 stub}
  0x00000144c229ec1c: ffff e85d 

  0x00000144c229ec20: ; ImmutableOopMap {rdx=Oop [160]=Oop }
                      ;*synchronization entry
                      ; - java.lang.ClassLoader::loadClass@-1
                      ; - org.eclipse.osgi.internal.loader.BundleLoader::findClass0@25 (line 470)
  0x00000144c229ec20: 791a 07e9 | ccf4 ffff 

  0x00000144c229ec28: ;   {internal_word}
  0x00000144c229ec28: 49ba bce1 | 29c2 4401 | 0000 4d89 | 9768 0400 

  0x00000144c229ec38: ;   {runtime_call SafepointBlob}
  0x00000144c229ec38: 00e9 c25e 

  0x00000144c229ec3c: ;   {internal_word}
  0x00000144c229ec3c: 0f07 49ba | 34e2 29c2 | 4401 0000 | 4d89 9768 

  0x00000144c229ec4c: ;   {runtime_call SafepointBlob}
  0x00000144c229ec4c: 0400 00e9 | ac5e 0f07 | 488d 8424 | 5001 0000 | 4889 0424 

  0x00000144c229ec60: ;   {runtime_call monitorexit_nofpu Runtime1 stub}
  0x00000144c229ec60: e81b 251a | 07e9 20f6 | ffff 488d | 8424 5001 | 0000 4889 

  0x00000144c229ec74: ;   {runtime_call monitorexit_nofpu Runtime1 stub}
  0x00000144c229ec74: 0424 e805 | 251a 07e9 | 5af6 ffff | 498b 8700 | 0500 0049 | c787 0005 | 0000 0000 | 0000 49c7 
  0x00000144c229ec94: 8708 0500 | 0000 0000 | 0048 81c4 | 7001 0000 

  0x00000144c229eca4: ;   {runtime_call unwind_exception Runtime1 stub}
  0x00000144c229eca4: 5de9 d615 | 1a07 f4f4 | f4f4 f4f4 
[Stub Code]
  0x00000144c229ecb0: ;   {no_reloc}
  0x00000144c229ecb0: 0f1f 4400 

  0x00000144c229ecb4: ;   {static_stub}
  0x00000144c229ecb4: 0048 bb00 | 0000 0000 

  0x00000144c229ecbc: ;   {runtime_call nmethod}
  0x00000144c229ecbc: 0000 00e9 | fbff ffff 

  0x00000144c229ecc4: ;   {static_stub}
  0x00000144c229ecc4: 9048 bb00 | 0000 0000 

  0x00000144c229eccc: ;   {runtime_call nmethod}
  0x00000144c229eccc: 0000 00e9 | fbff ffff 

  0x00000144c229ecd4: ;   {static_stub}
  0x00000144c229ecd4: 9048 bb00 | 0000 0000 

  0x00000144c229ecdc: ;   {runtime_call nmethod}
  0x00000144c229ecdc: 0000 00e9 | fbff ffff 

  0x00000144c229ece4: ;   {static_stub}
  0x00000144c229ece4: 9048 bb00 | 0000 0000 

  0x00000144c229ecec: ;   {runtime_call nmethod}
  0x00000144c229ecec: 0000 00e9 | fbff ffff 

  0x00000144c229ecf4: ;   {static_stub}
  0x00000144c229ecf4: 9048 bb00 | 0000 0000 

  0x00000144c229ecfc: ;   {runtime_call nmethod}
  0x00000144c229ecfc: 0000 00e9 | fbff ffff 

  0x00000144c229ed04: ;   {static_stub}
  0x00000144c229ed04: 9048 bb00 | 0000 0000 

  0x00000144c229ed0c: ;   {runtime_call nmethod}
  0x00000144c229ed0c: 0000 00e9 | fbff ffff 

  0x00000144c229ed14: ;   {static_stub}
  0x00000144c229ed14: 9048 bb00 | 0000 0000 

  0x00000144c229ed1c: ;   {runtime_call nmethod}
  0x00000144c229ed1c: 0000 00e9 | fbff ffff 

  0x00000144c229ed24: ;   {static_stub}
  0x00000144c229ed24: 9048 bb00 | 0000 0000 

  0x00000144c229ed2c: ;   {runtime_call nmethod}
  0x00000144c229ed2c: 0000 00e9 | fbff ffff 

  0x00000144c229ed34: ;   {static_stub}
  0x00000144c229ed34: 9048 bb00 | 0000 0000 

  0x00000144c229ed3c: ;   {runtime_call nmethod}
  0x00000144c229ed3c: 0000 00e9 | fbff ffff 

  0x00000144c229ed44: ;   {static_stub}
  0x00000144c229ed44: 9048 bb20 | 7d4a 1845 

  0x00000144c229ed4c: ;   {runtime_call I2C/C2I adapters}
  0x00000144c229ed4c: 0100 00e9 | 134a 0f07 

  0x00000144c229ed54: ;   {static_stub}
  0x00000144c229ed54: 9048 bb00 | 0000 0000 

  0x00000144c229ed5c: ;   {runtime_call nmethod}
  0x00000144c229ed5c: 0000 00e9 | fbff ffff 

  0x00000144c229ed64: ;   {static_stub}
  0x00000144c229ed64: 9048 bb00 | 0000 0000 

  0x00000144c229ed6c: ;   {runtime_call nmethod}
  0x00000144c229ed6c: 0000 00e9 | fbff ffff 

  0x00000144c229ed74: ;   {static_stub}
  0x00000144c229ed74: 9048 bb00 | 0000 0000 

  0x00000144c229ed7c: ;   {runtime_call nmethod}
  0x00000144c229ed7c: 0000 00e9 | fbff ffff 

  0x00000144c229ed84: ;   {static_stub}
  0x00000144c229ed84: 9048 bb00 | 0000 0000 

  0x00000144c229ed8c: ;   {runtime_call nmethod}
  0x00000144c229ed8c: 0000 00e9 | fbff ffff 

  0x00000144c229ed94: ;   {static_stub}
  0x00000144c229ed94: 9048 bb00 | 0000 0000 

  0x00000144c229ed9c: ;   {runtime_call nmethod}
  0x00000144c229ed9c: 0000 00e9 | fbff ffff 

  0x00000144c229eda4: ;   {static_stub}
  0x00000144c229eda4: 9048 bb00 | 0000 0000 

  0x00000144c229edac: ;   {runtime_call nmethod}
  0x00000144c229edac: 0000 00e9 | fbff ffff 

  0x00000144c229edb4: ;   {static_stub}
  0x00000144c229edb4: 9048 bb00 | 0000 0000 

  0x00000144c229edbc: ;   {runtime_call nmethod}
  0x00000144c229edbc: 0000 00e9 | fbff ffff 

  0x00000144c229edc4: ;   {static_stub}
  0x00000144c229edc4: 9048 bb00 | 0000 0000 

  0x00000144c229edcc: ;   {runtime_call nmethod}
  0x00000144c229edcc: 0000 00e9 | fbff ffff 

  0x00000144c229edd4: ;   {static_stub}
  0x00000144c229edd4: 9048 bb00 | 0000 0000 

  0x00000144c229eddc: ;   {runtime_call nmethod}
  0x00000144c229eddc: 0000 00e9 | fbff ffff 

  0x00000144c229ede4: ;   {static_stub}
  0x00000144c229ede4: 9048 bb00 | 0000 0000 

  0x00000144c229edec: ;   {runtime_call nmethod}
  0x00000144c229edec: 0000 00e9 | fbff ffff 

  0x00000144c229edf4: ;   {static_stub}
  0x00000144c229edf4: 9048 bb00 | 0000 0000 

  0x00000144c229edfc: ;   {runtime_call nmethod}
  0x00000144c229edfc: 0000 00e9 | fbff ffff 

  0x00000144c229ee04: ;   {static_stub}
  0x00000144c229ee04: 9048 bb00 | 0000 0000 

  0x00000144c229ee0c: ;   {runtime_call nmethod}
  0x00000144c229ee0c: 0000 00e9 | fbff ffff 

  0x00000144c229ee14: ;   {static_stub}
  0x00000144c229ee14: 9048 bb00 | 0000 0000 

  0x00000144c229ee1c: ;   {runtime_call nmethod}
  0x00000144c229ee1c: 0000 00e9 | fbff ffff 

  0x00000144c229ee24: ;   {static_stub}
  0x00000144c229ee24: 9048 bb00 | 0000 0000 

  0x00000144c229ee2c: ;   {runtime_call nmethod}
  0x00000144c229ee2c: 0000 00e9 | fbff ffff 

  0x00000144c229ee34: ;   {static_stub}
  0x00000144c229ee34: 9048 bb00 | 0000 0000 

  0x00000144c229ee3c: ;   {runtime_call nmethod}
  0x00000144c229ee3c: 0000 00e9 | fbff ffff 

  0x00000144c229ee44: ;   {static_stub}
  0x00000144c229ee44: 9048 bb00 | 0000 0000 

  0x00000144c229ee4c: ;   {runtime_call nmethod}
  0x00000144c229ee4c: 0000 00e9 | fbff ffff 

  0x00000144c229ee54: ;   {static_stub}
  0x00000144c229ee54: 9048 bb00 | 0000 0000 

  0x00000144c229ee5c: ;   {runtime_call nmethod}
  0x00000144c229ee5c: 0000 00e9 | fbff ffff 

  0x00000144c229ee64: ;   {static_stub}
  0x00000144c229ee64: 9048 bb00 | 0000 0000 

  0x00000144c229ee6c: ;   {runtime_call nmethod}
  0x00000144c229ee6c: 0000 00e9 | fbff ffff 

  0x00000144c229ee74: ;   {static_stub}
  0x00000144c229ee74: 9048 bb00 | 0000 0000 

  0x00000144c229ee7c: ;   {runtime_call nmethod}
  0x00000144c229ee7c: 0000 00e9 | fbff ffff 

  0x00000144c229ee84: ;   {static_stub}
  0x00000144c229ee84: 9048 bb00 | 0000 0000 

  0x00000144c229ee8c: ;   {runtime_call nmethod}
  0x00000144c229ee8c: 0000 00e9 | fbff ffff 

  0x00000144c229ee94: ;   {static_stub}
  0x00000144c229ee94: 9048 bb00 | 0000 0000 

  0x00000144c229ee9c: ;   {runtime_call nmethod}
  0x00000144c229ee9c: 0000 00e9 | fbff ffff 

  0x00000144c229eea4: ;   {static_stub}
  0x00000144c229eea4: 9048 bb00 | 0000 0000 

  0x00000144c229eeac: ;   {runtime_call nmethod}
  0x00000144c229eeac: 0000 00e9 | fbff ffff 

  0x00000144c229eeb4: ;   {static_stub}
  0x00000144c229eeb4: 9048 bb00 | 0000 0000 

  0x00000144c229eebc: ;   {runtime_call nmethod}
  0x00000144c229eebc: 0000 00e9 | fbff ffff 

  0x00000144c229eec4: ;   {static_stub}
  0x00000144c229eec4: 9048 bb00 | 0000 0000 

  0x00000144c229eecc: ;   {runtime_call nmethod}
  0x00000144c229eecc: 0000 00e9 | fbff ffff 

  0x00000144c229eed4: ;   {static_stub}
  0x00000144c229eed4: 9048 bb00 | 0000 0000 

  0x00000144c229eedc: ;   {runtime_call nmethod}
  0x00000144c229eedc: 0000 00e9 | fbff ffff 

  0x00000144c229eee4: ;   {static_stub}
  0x00000144c229eee4: 9048 bb00 | 0000 0000 

  0x00000144c229eeec: ;   {runtime_call nmethod}
  0x00000144c229eeec: 0000 00e9 | fbff ffff 

  0x00000144c229eef4: ;   {static_stub}
  0x00000144c229eef4: 48bb 58fc | 5818 4501 

  0x00000144c229eefc: ;   {runtime_call I2C/C2I adapters}
  0x00000144c229eefc: 0000 e968 

  0x00000144c229ef00: ;   {static_stub}
  0x00000144c229ef00: c10e 0748 | bb90 f958 | 1845 0100 

  0x00000144c229ef0c: ;   {runtime_call I2C/C2I adapters}
  0x00000144c229ef0c: 00e9 5548 

  0x00000144c229ef10: ;   {static_stub}
  0x00000144c229ef10: 0f07 48bb | 0000 0000 | 0000 0000 

  0x00000144c229ef1c: ;   {runtime_call nmethod}
  0x00000144c229ef1c: e9fb ffff 

  0x00000144c229ef20: ;   {static_stub}
  0x00000144c229ef20: ff48 bbc0 | cb58 1845 

  0x00000144c229ef28: ;   {runtime_call I2C/C2I adapters}
  0x00000144c229ef28: 0100 00e9 | 3ba6 0e07 

  0x00000144c229ef30: ;   {static_stub}
  0x00000144c229ef30: 48bb 78f7 | 5818 4501 

  0x00000144c229ef38: ;   {runtime_call I2C/C2I adapters}
  0x00000144c229ef38: 0000 e928 

  0x00000144c229ef3c: ;   {static_stub}
  0x00000144c229ef3c: 480f 0748 | bb00 0000 | 0000 0000 

  0x00000144c229ef48: ;   {runtime_call nmethod}
  0x00000144c229ef48: 00e9 fbff 

  0x00000144c229ef4c: ;   {static_stub}
  0x00000144c229ef4c: ffff 48bb | 0000 0000 | 0000 0000 

  0x00000144c229ef58: ;   {runtime_call nmethod}
  0x00000144c229ef58: e9fb ffff 

  0x00000144c229ef5c: ;   {static_stub}
  0x00000144c229ef5c: ff48 bb00 | 0000 0000 

  0x00000144c229ef64: ;   {runtime_call nmethod}
  0x00000144c229ef64: 0000 00e9 | fbff ffff 

  0x00000144c229ef6c: ;   {static_stub}
  0x00000144c229ef6c: 48bb 0000 | 0000 0000 

  0x00000144c229ef74: ;   {runtime_call nmethod}
  0x00000144c229ef74: 0000 e9fb 

  0x00000144c229ef78: ;   {static_stub}
  0x00000144c229ef78: ffff ff48 | bb00 0000 | 0000 0000 

  0x00000144c229ef84: ;   {runtime_call nmethod}
  0x00000144c229ef84: 00e9 fbff 

  0x00000144c229ef88: ;   {static_stub}
  0x00000144c229ef88: ffff 48bb | 0000 0000 | 0000 0000 

  0x00000144c229ef94: ;   {runtime_call nmethod}
  0x00000144c229ef94: e9fb ffff 

  0x00000144c229ef98: ;   {static_stub}
  0x00000144c229ef98: ff48 bb00 | 0000 0000 

  0x00000144c229efa0: ;   {runtime_call nmethod}
  0x00000144c229efa0: 0000 00e9 | fbff ffff 

  0x00000144c229efa8: ;   {static_stub}
  0x00000144c229efa8: 48bb 0000 | 0000 0000 

  0x00000144c229efb0: ;   {runtime_call nmethod}
  0x00000144c229efb0: 0000 e9fb 

  0x00000144c229efb4: ;   {static_stub}
  0x00000144c229efb4: ffff ff48 | bb00 0000 | 0000 0000 

  0x00000144c229efc0: ;   {runtime_call nmethod}
  0x00000144c229efc0: 00e9 fbff 

  0x00000144c229efc4: ;   {runtime_call handle_exception_from_callee Runtime1 stub}
  0x00000144c229efc4: ffff e835 

  0x00000144c229efc8: ;   {external_word}
  0x00000144c229efc8: 1811 0748 | b940 635d | 69fe 7f00 | 0048 83e4 

  0x00000144c229efd8: ;   {runtime_call}
  0x00000144c229efd8: f048 b8d0 | c41f 69fe | 7f00 00ff 

  0x00000144c229efe4: ;   {section_word}
  0x00000144c229efe4: d0f4 49ba | e6ef 29c2 | 4401 0000 

  0x00000144c229eff0: ;   {runtime_call DeoptimizationBlob}
  0x00000144c229eff0: 4152 e9a9 | 4d0f 07f4 
[/MachCode]


---------------  P R O C E S S  ---------------

Threads class SMR info:
_java_thread_list=0x000001451d757330, length=17, elements={
0x00000144bec0e6d0, 0x00000144becca760, 0x00000144beccda00, 0x00000144d56862a0,
0x00000144d5689490, 0x00000144d568d4f0, 0x00000144d569bd40, 0x000001451c021150,
0x00000144d56bde50, 0x000001451c203db0, 0x000001451c1cbd50, 0x000001451c528e70,
0x000001451cb2f9f0, 0x000001451d086490, 0x000001451cf7add0, 0x000001451d0085b0,
0x000001451cf6a880
}

Java Threads: ( => current thread )
  0x00000144bec0e6d0 JavaThread "main"                              [_thread_blocked, id=29908, stack(0x0000000f3dd00000,0x0000000f3de00000) (1024K)]
  0x00000144becca760 JavaThread "Reference Handler"          daemon [_thread_blocked, id=5992, stack(0x0000000f3e100000,0x0000000f3e200000) (1024K)]
  0x00000144beccda00 JavaThread "Finalizer"                  daemon [_thread_blocked, id=7364, stack(0x0000000f3e200000,0x0000000f3e300000) (1024K)]
  0x00000144d56862a0 JavaThread "Signal Dispatcher"          daemon [_thread_blocked, id=31212, stack(0x0000000f3e300000,0x0000000f3e400000) (1024K)]
  0x00000144d5689490 JavaThread "Attach Listener"            daemon [_thread_blocked, id=23856, stack(0x0000000f3e400000,0x0000000f3e500000) (1024K)]
  0x00000144d568d4f0 JavaThread "Service Thread"             daemon [_thread_blocked, id=20788, stack(0x0000000f3e500000,0x0000000f3e600000) (1024K)]
  0x00000144d569bd40 JavaThread "Monitor Deflation Thread"   daemon [_thread_blocked, id=20748, stack(0x0000000f3e600000,0x0000000f3e700000) (1024K)]
  0x000001451c021150 JavaThread "C2 CompilerThread0"         daemon [_thread_blocked, id=15800, stack(0x0000000f3e700000,0x0000000f3e800000) (1024K)]
  0x00000144d56bde50 JavaThread "C1 CompilerThread0"         daemon [_thread_blocked, id=15320, stack(0x0000000f3e800000,0x0000000f3e900000) (1024K)]
  0x000001451c203db0 JavaThread "Common-Cleaner"             daemon [_thread_blocked, id=12872, stack(0x0000000f3ea00000,0x0000000f3eb00000) (1024K)]
  0x000001451c1cbd50 JavaThread "Notification Thread"        daemon [_thread_blocked, id=25020, stack(0x0000000f3e900000,0x0000000f3ea00000) (1024K)]
  0x000001451c528e70 JavaThread "Active Thread: Equinox Container: 02609830-c9cd-4283-8dee-95abfce718e6"        [_thread_blocked, id=33244, stack(0x0000000f3eb00000,0x0000000f3ec00000) (1024K)]
  0x000001451cb2f9f0 JavaThread "Refresh Thread: Equinox Container: 02609830-c9cd-4283-8dee-95abfce718e6" daemon [_thread_blocked, id=2260, stack(0x0000000f3f300000,0x0000000f3f400000) (1024K)]
  0x000001451d086490 JavaThread "Framework Event Dispatcher: Equinox Container: 02609830-c9cd-4283-8dee-95abfce718e6" daemon [_thread_blocked, id=33248, stack(0x0000000f3ec00000,0x0000000f3ed00000) (1024K)]
=>0x000001451cf7add0 JavaThread "Start Level: Equinox Container: 02609830-c9cd-4283-8dee-95abfce718e6" daemon [_thread_in_vm, id=30792, stack(0x0000000f3f500000,0x0000000f3f600000) (1024K)]
  0x000001451d0085b0 JavaThread "Bundle File Closer"         daemon [_thread_blocked, id=25668, stack(0x0000000f3f800000,0x0000000f3f900000) (1024K)]
  0x000001451cf6a880 JavaThread "SCR Component Actor"        daemon [_thread_blocked, id=24168, stack(0x0000000f3f600000,0x0000000f3f700000) (1024K)]
Total: 17

Other Threads:
  0x00000144d5683620 VMThread "VM Thread"                           [id=2080, stack(0x0000000f3e000000,0x0000000f3e100000) (1024K)] _threads_hazard_ptr=0x000001451d757330
  0x00000144d559ca00 WatcherThread "VM Periodic Task Thread"        [id=22204, stack(0x0000000f3df00000,0x0000000f3e000000) (1024K)]
  0x00000144bec2d690 WorkerThread "GC Thread#0"                     [id=25412, stack(0x0000000f3de00000,0x0000000f3df00000) (1024K)]
  0x000001451cba2400 WorkerThread "GC Thread#1"                     [id=18116, stack(0x0000000f3ed00000,0x0000000f3ee00000) (1024K)]
  0x000001451c76ed50 WorkerThread "GC Thread#2"                     [id=27000, stack(0x0000000f3ee00000,0x0000000f3ef00000) (1024K)]
  0x000001451c9cadf0 WorkerThread "GC Thread#3"                     [id=30772, stack(0x0000000f3ef00000,0x0000000f3f000000) (1024K)]
  0x000001451c9cb1a0 WorkerThread "GC Thread#4"                     [id=30084, stack(0x0000000f3f000000,0x0000000f3f100000) (1024K)]
  0x000001451c9cb550 WorkerThread "GC Thread#5"                     [id=27676, stack(0x0000000f3f100000,0x0000000f3f200000) (1024K)]
  0x000001451c442420 WorkerThread "GC Thread#6"                     [id=28808, stack(0x0000000f3f200000,0x0000000f3f300000) (1024K)]
  0x000001451ce40960 WorkerThread "GC Thread#7"                     [id=13468, stack(0x0000000f3f400000,0x0000000f3f500000) (1024K)]
Total: 10

Threads with active compile tasks:
Total: 0

VM state: synchronizing (normal execution)

VM Mutex/Monitor currently owned by a thread:  ([mutex/lock_event])
[0x00007ffe6988d4f0] Metaspace_lock - owner thread: 0x000001451cf7add0
[0x00007ffe6988f570] Threads_lock - owner thread: 0x00000144d5683620

Heap address: 0x0000000080000000, size: 2048 MB, Compressed Oops mode: 32-bit

CDS archive(s) mapped at: [0x00000144d6000000-0x00000144d6ba0000-0x00000144d6ba0000), size 12189696, SharedBaseAddress: 0x00000144d6000000, ArchiveRelocationMode: 1.
Compressed class space mapped at: 0x00000144d7000000-0x0000014517000000, reserved size: 1073741824
Narrow klass base: 0x00000144d6000000, Narrow klass shift: 0, Narrow klass range: 0x100000000

GC Precious Log:
 CardTable entry size: 512
 CPUs: 8 total, 8 available
 Memory: 16190M
 Large Page Support: Disabled
 NUMA Support: Disabled
 Compressed Oops: Enabled (32-bit)
 Alignments: Space 512K, Generation 512K, Heap 2M
 Heap Min Capacity: 100M
 Heap Initial Capacity: 100M
 Heap Max Capacity: 2G
 Pre-touch: Disabled
 Parallel Workers: 8

Heap:
 PSYoungGen      total 29696K, used 27264K [0x00000000d5580000, 0x00000000d7680000, 0x0000000100000000)
  eden space 25600K, 90% used [0x00000000d5580000,0x00000000d6c20d48,0x00000000d6e80000)
  from space 4096K, 99% used [0x00000000d6e80000,0x00000000d727f498,0x00000000d7280000)
  to   space 4096K, 0% used [0x00000000d7280000,0x00000000d7280000,0x00000000d7680000)
 ParOldGen       total 68608K, used 5304K [0x0000000080000000, 0x0000000084300000, 0x00000000d5580000)
  object space 68608K, 7% used [0x0000000080000000,0x000000008052e198,0x0000000084300000)
 Metaspace       used 11394K, committed 11712K, reserved 1114112K
  class space    used 1204K, committed 1344K, reserved 1048576K

Card table byte_map: [0x00000144be5b0000,0x00000144be9c0000] _byte_map_base: 0x00000144be1b0000

Marking Bits: (ParMarkBitMap*) 0x00007ffe69894460
 Begin Bits: [0x00000144d10c0000, 0x00000144d30c0000)
 End Bits:   [0x00000144d30c0000, 0x00000144d50c0000)

Polling page: 0x00000144bc8e0000

Metaspace:

Usage:
  Non-class:      9.95 MB used.
      Class:      1.18 MB used.
       Both:     11.13 MB used.

Virtual space:
  Non-class space:       64.00 MB reserved,      10.12 MB ( 16%) committed,  1 nodes.
      Class space:        1.00 GB reserved,       1.31 MB ( <1%) committed,  1 nodes.
             Both:        1.06 GB reserved,      11.44 MB (  1%) committed. 

Chunk freelists:
   Non-Class:  5.86 MB
       Class:  14.69 MB
        Both:  20.55 MB

MaxMetaspaceSize: unlimited
CompressedClassSpaceSize: 1.00 GB
Initial GC threshold: 21.00 MB
Current GC threshold: 21.00 MB
CDS: on
 - commit_granule_bytes: 65536.
 - commit_granule_words: 8192.
 - virtual_space_node_default_size: 8388608.
 - enlarge_chunks_in_place: 1.
 - use_allocation_guard: 0.


Internal statistics:

num_allocs_failed_limit: 0.
num_arena_births: 266.
num_arena_deaths: 0.
num_vsnodes_births: 2.
num_vsnodes_deaths: 0.
num_space_committed: 183.
num_space_uncommitted: 0.
num_chunks_returned_to_freelist: 0.
num_chunks_taken_from_freelist: 574.
num_chunk_merges: 0.
num_chunk_splits: 370.
num_chunks_enlarged: 245.
num_inconsistent_stats: 0.

CodeHeap 'non-profiled nmethods': size=120000Kb used=1149Kb max_used=1149Kb free=118850Kb
 bounds [0x00000144c98e0000, 0x00000144c9b50000, 0x00000144d0e10000]
CodeHeap 'profiled nmethods': size=120000Kb used=4829Kb max_used=4829Kb free=115170Kb
 bounds [0x00000144c1e10000, 0x00000144c22d0000, 0x00000144c9340000]
CodeHeap 'non-nmethods': size=5760Kb used=1234Kb max_used=1283Kb free=4525Kb
 bounds [0x00000144c9340000, 0x00000144c95b0000, 0x00000144c98e0000]
CodeCache: size=245760Kb, used=7212Kb, max_used=7261Kb, free=238545Kb
 total_blobs=2960, nmethods=2461, adapters=405, full_count=0
Compilation: enabled, stopped_count=0, restarted_count=0

Compilation events (20 events):
Event: 7.160 Thread 0x00000144d56bde50 nmethod 2453 0x00000144c99ff190 code [0x00000144c99ff320, 0x00000144c99ff3e8]
Event: 7.160 Thread 0x00000144d56bde50 2454       3       org.eclipse.osgi.internal.hookregistry.ClassLoaderHook::recordClassDefine (1 bytes)
Event: 7.160 Thread 0x00000144d56bde50 nmethod 2454 0x00000144c22c0110 code [0x00000144c22c02a0, 0x00000144c22c03a8]
Event: 7.160 Thread 0x00000144d56bde50 2455   !   3       org.eclipse.osgi.storage.bundlefile.CloseableBundleFile::incrementReference (38 bytes)
Event: 7.162 Thread 0x00000144d56bde50 nmethod 2455 0x00000144c22c0490 code [0x00000144c22c06e0, 0x00000144c22c1030]
Event: 7.167 Thread 0x00000144d56bde50 2456       3       org.eclipse.osgi.container.ModuleWiring::getBundle (8 bytes)
Event: 7.167 Thread 0x00000144d56bde50 nmethod 2456 0x00000144c22c1310 code [0x00000144c22c14e0, 0x00000144c22c1788]
Event: 7.174 Thread 0x00000144d56bde50 2457       3       org.eclipse.osgi.internal.weaving.WovenClassImpl::skipRegistration (134 bytes)
Event: 7.176 Thread 0x00000144d56bde50 nmethod 2457 0x00000144c22c1910 code [0x00000144c22c1c20, 0x00000144c22c2e28]
Event: 7.176 Thread 0x00000144d56bde50 2458   !   3       java.util.Collections$SynchronizedMap::containsKey (25 bytes)
Event: 7.176 Thread 0x00000144d56bde50 nmethod 2458 0x00000144c22c3410 code [0x00000144c22c35c0, 0x00000144c22c3890]
Event: 7.176 Thread 0x00000144d56bde50 2459   !   3       org.eclipse.osgi.internal.weaving.WovenClassImpl::notifyWovenClassListeners (54 bytes)
Event: 7.177 Thread 0x000001451c021150 2462       4       java.lang.ref.Reference::refersToImpl (6 bytes)
Event: 7.178 Thread 0x00000144d56bde50 nmethod 2459 0x00000144c22c3a10 code [0x00000144c22c3c40, 0x00000144c22c42f8]
Event: 7.178 Thread 0x00000144d56bde50 2460       3       org.eclipse.osgi.internal.loader.ModuleClassLoader::getClassLoadingLock (9 bytes)
Event: 7.178 Thread 0x00000144d56bde50 nmethod 2460 0x00000144c22c4590 code [0x00000144c22c4740, 0x00000144c22c4880]
Event: 7.179 Thread 0x00000144d56bde50 2461       3       org.eclipse.osgi.internal.container.KeyBasedLockStore::getLock (105 bytes)
Event: 7.179 Thread 0x000001451c021150 nmethod 2462 0x00000144c99ff490 code [0x00000144c99ff620, 0x00000144c99ff6b8]
Event: 7.181 Thread 0x00000144d56bde50 nmethod 2461 0x00000144c22c4990 code [0x00000144c22c4c60, 0x00000144c22c5c88]
Event: 7.205 Thread 0x00000144d56bde50 2463   !   3       org.eclipse.osgi.internal.loader.BundleLoader::getImportedSources (114 bytes)

GC Heap History (6 events):
Event: 1.984 GC heap before
{Heap before GC invocations=1 (full 0):
 PSYoungGen      total 29696K, used 25600K [0x00000000d5580000, 0x00000000d7680000, 0x0000000100000000)
  eden space 25600K, 100% used [0x00000000d5580000,0x00000000d6e80000,0x00000000d6e80000)
  from space 4096K, 0% used [0x00000000d7280000,0x00000000d7280000,0x00000000d7680000)
  to   space 4096K, 0% used [0x00000000d6e80000,0x00000000d6e80000,0x00000000d7280000)
 ParOldGen       total 68608K, used 0K [0x0000000080000000, 0x0000000084300000, 0x00000000d5580000)
  object space 68608K, 0% used [0x0000000080000000,0x0000000080000000,0x0000000084300000)
 Metaspace       used 4362K, committed 4608K, reserved 1114112K
  class space    used 475K, committed 576K, reserved 1048576K
}
Event: 1.997 GC heap after
{Heap after GC invocations=1 (full 0):
 PSYoungGen      total 29696K, used 3303K [0x00000000d5580000, 0x00000000d7680000, 0x0000000100000000)
  eden space 25600K, 0% used [0x00000000d5580000,0x00000000d5580000,0x00000000d6e80000)
  from space 4096K, 80% used [0x00000000d6e80000,0x00000000d71b9e98,0x00000000d7280000)
  to   space 4096K, 0% used [0x00000000d7280000,0x00000000d7280000,0x00000000d7680000)
 ParOldGen       total 68608K, used 16K [0x0000000080000000, 0x0000000084300000, 0x00000000d5580000)
  object space 68608K, 0% used [0x0000000080000000,0x0000000080004000,0x0000000084300000)
 Metaspace       used 4362K, committed 4608K, reserved 1114112K
  class space    used 475K, committed 576K, reserved 1048576K
}
Event: 3.685 GC heap before
{Heap before GC invocations=2 (full 0):
 PSYoungGen      total 29696K, used 28903K [0x00000000d5580000, 0x00000000d7680000, 0x0000000100000000)
  eden space 25600K, 100% used [0x00000000d5580000,0x00000000d6e80000,0x00000000d6e80000)
  from space 4096K, 80% used [0x00000000d6e80000,0x00000000d71b9e98,0x00000000d7280000)
  to   space 4096K, 0% used [0x00000000d7280000,0x00000000d7280000,0x00000000d7680000)
 ParOldGen       total 68608K, used 16K [0x0000000080000000, 0x0000000084300000, 0x00000000d5580000)
  object space 68608K, 0% used [0x0000000080000000,0x0000000080004000,0x0000000084300000)
 Metaspace       used 8040K, committed 8320K, reserved 1114112K
  class space    used 842K, committed 960K, reserved 1048576K
}
Event: 3.698 GC heap after
{Heap after GC invocations=2 (full 0):
 PSYoungGen      total 29696K, used 4086K [0x00000000d5580000, 0x00000000d7680000, 0x0000000100000000)
  eden space 25600K, 0% used [0x00000000d5580000,0x00000000d5580000,0x00000000d6e80000)
  from space 4096K, 99% used [0x00000000d7280000,0x00000000d767d810,0x00000000d7680000)
  to   space 4096K, 0% used [0x00000000d6e80000,0x00000000d6e80000,0x00000000d7280000)
 ParOldGen       total 68608K, used 1957K [0x0000000080000000, 0x0000000084300000, 0x00000000d5580000)
  object space 68608K, 2% used [0x0000000080000000,0x00000000801e94d0,0x0000000084300000)
 Metaspace       used 8040K, committed 8320K, reserved 1114112K
  class space    used 842K, committed 960K, reserved 1048576K
}
Event: 4.459 GC heap before
{Heap before GC invocations=3 (full 0):
 PSYoungGen      total 29696K, used 29686K [0x00000000d5580000, 0x00000000d7680000, 0x0000000100000000)
  eden space 25600K, 100% used [0x00000000d5580000,0x00000000d6e80000,0x00000000d6e80000)
  from space 4096K, 99% used [0x00000000d7280000,0x00000000d767d810,0x00000000d7680000)
  to   space 4096K, 0% used [0x00000000d6e80000,0x00000000d6e80000,0x00000000d7280000)
 ParOldGen       total 68608K, used 1957K [0x0000000080000000, 0x0000000084300000, 0x00000000d5580000)
  object space 68608K, 2% used [0x0000000080000000,0x00000000801e94d0,0x0000000084300000)
 Metaspace       used 9450K, committed 9728K, reserved 1114112K
  class space    used 1007K, committed 1152K, reserved 1048576K
}
Event: 4.473 GC heap after
{Heap after GC invocations=3 (full 0):
 PSYoungGen      total 29696K, used 4093K [0x00000000d5580000, 0x00000000d7680000, 0x0000000100000000)
  eden space 25600K, 0% used [0x00000000d5580000,0x00000000d5580000,0x00000000d6e80000)
  from space 4096K, 99% used [0x00000000d6e80000,0x00000000d727f498,0x00000000d7280000)
  to   space 4096K, 0% used [0x00000000d7280000,0x00000000d7280000,0x00000000d7680000)
 ParOldGen       total 68608K, used 5304K [0x0000000080000000, 0x0000000084300000, 0x00000000d5580000)
  object space 68608K, 7% used [0x0000000080000000,0x000000008052e198,0x0000000084300000)
 Metaspace       used 9450K, committed 9728K, reserved 1114112K
  class space    used 1007K, committed 1152K, reserved 1048576K
}

Dll operation events (9 events):
Event: 0.023 Loaded shared library c:\Users\Admin\.kiro\extensions\redhat.java-1.55.0-win32-x64\jre\21.0.11-win32-x86_64\bin\java.dll
Event: 0.179 Loaded shared library c:\Users\Admin\.kiro\extensions\redhat.java-1.55.0-win32-x64\jre\21.0.11-win32-x86_64\bin\zip.dll
Event: 0.228 Loaded shared library C:\Users\Admin\.kiro\extensions\redhat.java-1.55.0-win32-x64\jre\21.0.11-win32-x86_64\bin\instrument.dll
Event: 0.245 Loaded shared library C:\Users\Admin\.kiro\extensions\redhat.java-1.55.0-win32-x64\jre\21.0.11-win32-x86_64\bin\net.dll
Event: 0.258 Loaded shared library C:\Users\Admin\.kiro\extensions\redhat.java-1.55.0-win32-x64\jre\21.0.11-win32-x86_64\bin\nio.dll
Event: 0.265 Loaded shared library C:\Users\Admin\.kiro\extensions\redhat.java-1.55.0-win32-x64\jre\21.0.11-win32-x86_64\bin\zip.dll
Event: 0.347 Loaded shared library C:\Users\Admin\.kiro\extensions\redhat.java-1.55.0-win32-x64\jre\21.0.11-win32-x86_64\bin\jimage.dll
Event: 0.633 Loaded shared library c:\Users\Admin\.kiro\extensions\redhat.java-1.55.0-win32-x64\jre\21.0.11-win32-x86_64\bin\verify.dll
Event: 3.713 Loaded shared library C:\Users\Admin\AppData\Roaming\Kiro\User\globalStorage\redhat.java\1.55.0\config_win\org.eclipse.equinox.launcher\org.eclipse.equinox.launcher.win32.win32.x86_64_1.3.100.v20260613-0559\eclipse_11924.dll

Deoptimization events (20 events):
Event: 6.706 Thread 0x000001451cf7add0 Uncommon trap: trap_request=0xffffffc6 fr.pc=0x00000144c99f4158 relative=0x0000000000000458
Event: 6.706 Thread 0x000001451cf7add0 Uncommon trap: reason=bimorphic_or_optimized_type_check action=maybe_recompile pc=0x00000144c99f4158 method=java.util.regex.Pattern$BmpCharPropertyGreedy.match(Ljava/util/regex/Matcher;ILjava/lang/CharSequence;)Z @ 26 c2
Event: 6.706 Thread 0x000001451cf7add0 DEOPT PACKING pc=0x00000144c99f4158 sp=0x0000000f3f5fe390
Event: 6.706 Thread 0x000001451cf7add0 DEOPT UNPACKING pc=0x00000144c9393aa2 sp=0x0000000f3f5fe328 mode 2
Event: 6.707 Thread 0x000001451cf7add0 Uncommon trap: trap_request=0xffffffc6 fr.pc=0x00000144c99f4158 relative=0x0000000000000458
Event: 6.707 Thread 0x000001451cf7add0 Uncommon trap: reason=bimorphic_or_optimized_type_check action=maybe_recompile pc=0x00000144c99f4158 method=java.util.regex.Pattern$BmpCharPropertyGreedy.match(Ljava/util/regex/Matcher;ILjava/lang/CharSequence;)Z @ 26 c2
Event: 6.707 Thread 0x000001451cf7add0 DEOPT PACKING pc=0x00000144c99f4158 sp=0x0000000f3f5fe3a0
Event: 6.707 Thread 0x000001451cf7add0 DEOPT UNPACKING pc=0x00000144c9393aa2 sp=0x0000000f3f5fe338 mode 2
Event: 6.840 Thread 0x000001451cf7add0 Uncommon trap: trap_request=0xffffff45 fr.pc=0x00000144c99f2928 relative=0x0000000000000708
Event: 6.840 Thread 0x000001451cf7add0 Uncommon trap: reason=unstable_if action=reinterpret pc=0x00000144c99f2928 method=org.eclipse.osgi.framework.util.CaseInsensitiveDictionaryMap.findCommonKeyIndex(Ljava/lang/String;)Lorg/eclipse/osgi/framework/util/CaseInsensitiveDictionaryMap$CaseInsensit
Event: 6.840 Thread 0x000001451cf7add0 DEOPT PACKING pc=0x00000144c99f2928 sp=0x0000000f3f5fe6e0
Event: 6.840 Thread 0x000001451cf7add0 DEOPT UNPACKING pc=0x00000144c9393aa2 sp=0x0000000f3f5fe670 mode 2
Event: 6.872 Thread 0x000001451cf7add0 Uncommon trap: trap_request=0xffffffc6 fr.pc=0x00000144c99f4158 relative=0x0000000000000458
Event: 6.872 Thread 0x000001451cf7add0 Uncommon trap: reason=bimorphic_or_optimized_type_check action=maybe_recompile pc=0x00000144c99f4158 method=java.util.regex.Pattern$BmpCharPropertyGreedy.match(Ljava/util/regex/Matcher;ILjava/lang/CharSequence;)Z @ 26 c2
Event: 6.872 Thread 0x000001451cf7add0 DEOPT PACKING pc=0x00000144c99f4158 sp=0x0000000f3f5fe410
Event: 6.872 Thread 0x000001451cf7add0 DEOPT UNPACKING pc=0x00000144c9393aa2 sp=0x0000000f3f5fe3a8 mode 2
Event: 6.873 Thread 0x000001451cf7add0 Uncommon trap: trap_request=0xffffffc6 fr.pc=0x00000144c99f4158 relative=0x0000000000000458
Event: 6.873 Thread 0x000001451cf7add0 Uncommon trap: reason=bimorphic_or_optimized_type_check action=maybe_recompile pc=0x00000144c99f4158 method=java.util.regex.Pattern$BmpCharPropertyGreedy.match(Ljava/util/regex/Matcher;ILjava/lang/CharSequence;)Z @ 26 c2
Event: 6.873 Thread 0x000001451cf7add0 DEOPT PACKING pc=0x00000144c99f4158 sp=0x0000000f3f5fe410
Event: 6.873 Thread 0x000001451cf7add0 DEOPT UNPACKING pc=0x00000144c9393aa2 sp=0x0000000f3f5fe3a8 mode 2

Classes loaded (20 events):
Event: 7.099 Loading class com/sun/org/apache/xerces/internal/util/XMLSymbols
Event: 7.099 Loading class com/sun/org/apache/xerces/internal/util/XMLSymbols done
Event: 7.100 Loading class com/sun/org/apache/xerces/internal/parsers/AbstractSAXParser$LocatorProxy
Event: 7.100 Loading class org/xml/sax/ext/Locator2
Event: 7.100 Loading class org/xml/sax/Locator
Event: 7.100 Loading class org/xml/sax/Locator done
Event: 7.100 Loading class org/xml/sax/ext/Locator2 done
Event: 7.100 Loading class com/sun/org/apache/xerces/internal/parsers/AbstractSAXParser$LocatorProxy done
Event: 7.101 Loading class com/sun/org/apache/xerces/internal/impl/XMLScanner$NameType
Event: 7.101 Loading class com/sun/org/apache/xerces/internal/impl/XMLScanner$NameType done
Event: 7.102 Loading class com/sun/org/apache/xerces/internal/impl/Constants
Event: 7.103 Loading class com/sun/org/apache/xerces/internal/impl/Constants done
Event: 7.103 Loading class com/sun/org/apache/xerces/internal/impl/Constants$ArrayEnumeration
Event: 7.104 Loading class com/sun/org/apache/xerces/internal/impl/Constants$ArrayEnumeration done
Event: 7.128 Loading class com/sun/org/apache/xerces/internal/impl/io/MalformedByteSequenceException
Event: 7.130 Loading class java/io/CharConversionException
Event: 7.131 Loading class java/io/CharConversionException done
Event: 7.131 Loading class com/sun/org/apache/xerces/internal/impl/io/MalformedByteSequenceException done
Event: 7.165 Loading class java/util/concurrent/CompletionStage
Event: 7.165 Loading class java/util/concurrent/CompletionStage done

Classes unloaded (0 events):
No events

Classes redefined (0 events):
No events

Internal exceptions (20 events):
Event: 2.113 Thread 0x00000144bec0e6d0 Exception <a 'java/lang/NoSuchMethodError'{0x00000000d56df708}: 'void java.lang.invoke.DirectMethodHandle$Holder.invokeStatic(java.lang.Object, java.lang.Object, java.lang.Object, java.lang.Object)'> (0x00000000d56df708) 
thrown [s\src\hotspot\share\interpreter\linkResolver.cpp, line 773]
Event: 2.115 Thread 0x00000144bec0e6d0 Implicit null exception at 0x00000144c994591a to 0x00000144c9945b3c
Event: 2.117 Thread 0x00000144bec0e6d0 Implicit null exception at 0x00000144c9940740 to 0x00000144c99407c5
Event: 2.284 Thread 0x00000144bec0e6d0 Exception <a 'java/lang/NoSuchMethodError'{0x00000000d59c8cd8}: 'void java.lang.invoke.DirectMethodHandle$Holder.invokeSpecial(java.lang.Object, java.lang.Object, java.lang.Object)'> (0x00000000d59c8cd8) 
thrown [s\src\hotspot\share\interpreter\linkResolver.cpp, line 773]
Event: 2.928 Thread 0x00000144bec0e6d0 Exception <a 'java/lang/NoSuchMethodError'{0x00000000d6414c20}: 'int java.lang.invoke.DirectMethodHandle$Holder.invokeVirtual(java.lang.Object, java.lang.Object)'> (0x00000000d6414c20) 
thrown [s\src\hotspot\share\interpreter\linkResolver.cpp, line 773]
Event: 3.012 Thread 0x00000144bec0e6d0 Exception <a 'java/lang/NoSuchMethodError'{0x00000000d658ba00}: 'int java.lang.invoke.DirectMethodHandle$Holder.invokeStaticInit(java.lang.Object, java.lang.Object, java.lang.Object, java.lang.Object)'> (0x00000000d658ba00) 
thrown [s\src\hotspot\share\interpreter\linkResolver.cpp, line 773]
Event: 3.016 Thread 0x00000144bec0e6d0 Exception <a 'java/lang/IncompatibleClassChangeError'{0x00000000d65940e8}: Found class java.lang.Object, but interface was expected> (0x00000000d65940e8) 
thrown [s\src\hotspot\share\interpreter\linkResolver.cpp, line 840]
Event: 3.017 Thread 0x00000144bec0e6d0 Exception <a 'java/lang/NoSuchMethodError'{0x00000000d659a6b8}: 'void java.lang.invoke.DirectMethodHandle$Holder.invokeStaticInit(java.lang.Object, java.lang.Object)'> (0x00000000d659a6b8) 
thrown [s\src\hotspot\share\interpreter\linkResolver.cpp, line 773]
Event: 3.019 Thread 0x00000144bec0e6d0 Exception <a 'java/lang/NoSuchMethodError'{0x00000000d65a38d0}: 'int java.lang.invoke.DirectMethodHandle$Holder.invokeStaticInit(java.lang.Object, java.lang.Object)'> (0x00000000d65a38d0) 
thrown [s\src\hotspot\share\interpreter\linkResolver.cpp, line 773]
Event: 3.101 Thread 0x00000144bec0e6d0 Exception <a 'java/lang/NoSuchMethodError'{0x00000000d67edbe8}: 'java.lang.Object java.lang.invoke.DirectMethodHandle$Holder.newInvokeSpecial(java.lang.Object, int, java.lang.Object)'> (0x00000000d67edbe8) 
thrown [s\src\hotspot\share\interpreter\linkResolver.cpp, line 773]
Event: 3.201 Thread 0x00000144bec0e6d0 Exception <a 'java/lang/ClassNotFoundException'{0x00000000d6a0fec0}: sun/net/www/protocol/plurl/Handler> (0x00000000d6a0fec0) 
thrown [s\src\hotspot\share\classfile\systemDictionary.cpp, line 313]
Event: 3.202 Thread 0x00000144bec0e6d0 Exception <a 'java/lang/ClassNotFoundException'{0x00000000d6a10d40}: sun/net/www/protocol/plurl/Handler> (0x00000000d6a10d40) 
thrown [s\src\hotspot\share\classfile\systemDictionary.cpp, line 313]
Event: 3.703 Thread 0x00000144bec0e6d0 Exception <a 'java/lang/UnsatisfiedLinkError'{0x00000000d5588760}: 'void org.eclipse.equinox.launcher.JNIBridge._update_splash()'> (0x00000000d5588760) 
thrown [s\src\hotspot\share\prims\nativeLookup.cpp, line 415]
Event: 3.834 Thread 0x000001451cb2f9f0 Exception <a 'java/lang/NoSuchMethodError'{0x00000000d5867d70}: 'void java.lang.invoke.DirectMethodHandle$Holder.invokeInterface(java.lang.Object, java.lang.Object, java.lang.Object)'> (0x00000000d5867d70) 
thrown [s\src\hotspot\share\interpreter\linkResolver.cpp, line 773]
Event: 3.990 Thread 0x000001451cf7add0 Exception <a 'java/lang/NoSuchMethodError'{0x00000000d5c2a5e0}: 'java.lang.Object java.lang.invoke.DirectMethodHandle$Holder.newInvokeSpecial(java.lang.Object, java.lang.Object, int, java.lang.Object)'> (0x00000000d5c2a5e0) 
thrown [s\src\hotspot\share\interpreter\linkResolver.cpp, line 773]
Event: 3.991 Thread 0x000001451cf7add0 Exception <a 'java/lang/NoSuchMethodError'{0x00000000d5c2e410}: 'java.lang.Object java.lang.invoke.DirectMethodHandle$Holder.invokeSpecial(java.lang.Object, java.lang.Object, java.lang.Object, int, java.lang.Object)'> (0x00000000d5c2e410) 
thrown [s\src\hotspot\share\interpreter\linkResolver.cpp, line 773]
Event: 4.027 Thread 0x000001451cf7add0 Exception <a 'java/lang/NoClassDefFoundError'{0x00000000d5cd4998}: jakarta/servlet/ServletContainerInitializer> (0x00000000d5cd4998) 
thrown [s\src\hotspot\share\classfile\systemDictionary.cpp, line 302]
Event: 4.079 Thread 0x000001451cf7add0 Exception <a 'java/lang/ClassNotFoundException'{0x00000000d5e305c0}: sun/util/logging/resources/spi/loggingProvider> (0x00000000d5e305c0) 
thrown [s\src\hotspot\share\classfile\systemDictionary.cpp, line 313]
Event: 6.935 Thread 0x000001451cf7add0 Exception <a 'java/lang/NullPointerException'{0x00000000d663fde0}> (0x00000000d663fde0) 
thrown [s\src\hotspot\share\interpreter\linkResolver.cpp, line 1372]
Event: 6.935 Thread 0x000001451cf7add0 Exception <a 'java/lang/NullPointerException'{0x00000000d66400c0}> (0x00000000d66400c0) 
thrown [s\src\hotspot\share\interpreter\linkResolver.cpp, line 1372]

ZGC Phase Switch (0 events):
No events

VM Operations (20 events):
Event: 3.192 Executing non-safepoint VM operation: HandshakeAllThreads (Deoptimize)
Event: 3.192 Executing non-safepoint VM operation: HandshakeAllThreads (Deoptimize) done
Event: 3.685 Executing safepoint VM operation: ParallelGCFailedAllocation (Allocation Failure)
Event: 3.698 Executing safepoint VM operation: ParallelGCFailedAllocation (Allocation Failure) done
Event: 4.056 Executing non-safepoint VM operation: HandshakeAllThreads (Deoptimize)
Event: 4.056 Executing non-safepoint VM operation: HandshakeAllThreads (Deoptimize) done
Event: 4.101 Executing non-safepoint VM operation: HandshakeAllThreads (Deoptimize)
Event: 4.101 Executing non-safepoint VM operation: HandshakeAllThreads (Deoptimize) done
Event: 4.126 Executing non-safepoint VM operation: HandshakeAllThreads (Deoptimize)
Event: 4.126 Executing non-safepoint VM operation: HandshakeAllThreads (Deoptimize) done
Event: 4.144 Executing non-safepoint VM operation: HandshakeAllThreads (Deoptimize)
Event: 4.144 Executing non-safepoint VM operation: HandshakeAllThreads (Deoptimize) done
Event: 4.459 Executing safepoint VM operation: ParallelGCFailedAllocation (Allocation Failure)
Event: 4.473 Executing safepoint VM operation: ParallelGCFailedAllocation (Allocation Failure) done
Event: 4.838 Executing non-safepoint VM operation: HandshakeAllThreads (Deoptimize)
Event: 4.838 Executing non-safepoint VM operation: HandshakeAllThreads (Deoptimize) done
Event: 5.839 Executing safepoint VM operation: Cleanup
Event: 5.839 Executing safepoint VM operation: Cleanup done
Event: 6.842 Executing safepoint VM operation: Cleanup
Event: 6.857 Executing safepoint VM operation: Cleanup done

Memory protections (0 events):
No events

Nmethod flushes (0 events):
No events

Events (20 events):
Event: 0.902 Thread 0x00000144d56bde50 Thread added: 0x000001451c3f7ce0
Event: 1.171 Thread 0x000001451c021150 Thread added: 0x000001451c39ad60
Event: 2.064 Thread 0x000001451c39ad60 Thread exited: 0x000001451c39ad60
Event: 2.153 Thread 0x000001451c3f7ce0 Thread exited: 0x000001451c3f7ce0
Event: 2.268 Thread 0x00000144d56bde50 Thread added: 0x000001451c528e70
Event: 2.391 Thread 0x00000144d56bde50 Thread added: 0x000001451c939ce0
Event: 3.019 Thread 0x000001451c939ce0 Thread exited: 0x000001451c939ce0
Event: 3.025 Thread 0x000001451c528e70 Thread exited: 0x000001451c528e70
Event: 3.037 Thread 0x00000144bec0e6d0 Thread added: 0x000001451c528e70
Event: 3.258 Thread 0x00000144d56bde50 Thread added: 0x000001451ca4cba0
Event: 3.684 Thread 0x00000144bec0e6d0 Thread added: 0x000001451cb2f9f0
Event: 3.818 Thread 0x000001451ca4cba0 Thread exited: 0x000001451ca4cba0
Event: 3.840 Thread 0x000001451cb2f9f0 Thread added: 0x000001451d086490
Event: 3.848 Thread 0x00000144bec0e6d0 Thread added: 0x000001451cf7add0
Event: 4.160 Thread 0x00000144d56bde50 Thread added: 0x000001451cf6d1d0
Event: 4.164 Thread 0x000001451cf6d1d0 Thread added: 0x000001451cf6a880
Event: 4.534 Thread 0x000001451cf7add0 Thread added: 0x000001451d0085b0
Event: 5.039 Thread 0x000001451cf6a880 Thread exited: 0x000001451cf6a880
Event: 5.039 Thread 0x000001451cf6d1d0 Thread exited: 0x000001451cf6d1d0
Event: 6.841 Thread 0x000001451cf7add0 Thread added: 0x000001451cf6a880


Dynamic libraries:
0x00007ff7544d0000 - 0x00007ff7544de000 	c:\Users\Admin\.kiro\extensions\redhat.java-1.55.0-win32-x64\jre\21.0.11-win32-x86_64\bin\java.exe
0x00007fff58080000 - 0x00007fff582e6000 	C:\WINDOWS\SYSTEM32\ntdll.dll
0x00007fff57d40000 - 0x00007fff57e09000 	C:\WINDOWS\System32\KERNEL32.DLL
0x00007fff55650000 - 0x00007fff55a4e000 	C:\WINDOWS\System32\KERNELBASE.dll
0x00007fff55c50000 - 0x00007fff55d9c000 	C:\WINDOWS\System32\ucrtbase.dll
0x00007ffee6280000 - 0x00007ffee629e000 	c:\Users\Admin\.kiro\extensions\redhat.java-1.55.0-win32-x64\jre\21.0.11-win32-x86_64\bin\VCRUNTIME140.dll
0x00007ffee7550000 - 0x00007ffee7568000 	c:\Users\Admin\.kiro\extensions\redhat.java-1.55.0-win32-x64\jre\21.0.11-win32-x86_64\bin\jli.dll
0x00007fff55dd0000 - 0x00007fff55f97000 	C:\WINDOWS\System32\USER32.dll
0x00007fff55620000 - 0x00007fff55647000 	C:\WINDOWS\System32\win32u.dll
0x00007fff57ea0000 - 0x00007fff57ecb000 	C:\WINDOWS\System32\GDI32.dll
0x00007fff55a60000 - 0x00007fff55b8a000 	C:\WINDOWS\System32\gdi32full.dll
0x00007fff55570000 - 0x00007fff55613000 	C:\WINDOWS\System32\msvcp_win.dll
0x00007fff3ac50000 - 0x00007fff3aee2000 	C:\WINDOWS\WinSxS\amd64_microsoft.windows.common-controls_6595b64144ccf1df_6.0.26100.8875_none_3e0d5d42e32fe9dd\COMCTL32.dll
0x00007fff56b70000 - 0x00007fff56c19000 	C:\WINDOWS\System32\msvcrt.dll
0x00007fff565d0000 - 0x00007fff56602000 	C:\WINDOWS\System32\IMM32.DLL
0x00007fff4ff70000 - 0x00007fff4ff7c000 	c:\Users\Admin\.kiro\extensions\redhat.java-1.55.0-win32-x64\jre\21.0.11-win32-x86_64\bin\vcruntime140_1.dll
0x00007ffee1490000 - 0x00007ffee151d000 	c:\Users\Admin\.kiro\extensions\redhat.java-1.55.0-win32-x64\jre\21.0.11-win32-x86_64\bin\msvcp140.dll
0x00007ffe68bd0000 - 0x00007ffe69972000 	c:\Users\Admin\.kiro\extensions\redhat.java-1.55.0-win32-x64\jre\21.0.11-win32-x86_64\bin\server\jvm.dll
0x00007fff56ab0000 - 0x00007fff56b67000 	C:\WINDOWS\System32\ADVAPI32.dll
0x00007fff55fa0000 - 0x00007fff5604a000 	C:\WINDOWS\System32\sechost.dll
0x00007fff566f0000 - 0x00007fff56808000 	C:\WINDOWS\System32\RPCRT4.dll
0x00007fff56cd0000 - 0x00007fff56d50000 	C:\WINDOWS\System32\WS2_32.dll
0x00007fff55120000 - 0x00007fff5517e000 	C:\WINDOWS\SYSTEM32\POWRPROF.dll
0x00007fff3bcd0000 - 0x00007fff3bd06000 	C:\WINDOWS\SYSTEM32\WINMM.dll
0x00007fff4f460000 - 0x00007fff4f46b000 	C:\WINDOWS\SYSTEM32\VERSION.dll
0x00007fff550e0000 - 0x00007fff550f4000 	C:\WINDOWS\SYSTEM32\UMPDC.dll
0x00007fff53f40000 - 0x00007fff53f5b000 	C:\WINDOWS\SYSTEM32\kernel.appcore.dll
0x00007fff40880000 - 0x00007fff4088a000 	c:\Users\Admin\.kiro\extensions\redhat.java-1.55.0-win32-x64\jre\21.0.11-win32-x86_64\bin\jimage.dll
0x00007fff35310000 - 0x00007fff35552000 	C:\WINDOWS\SYSTEM32\DBGHELP.DLL
0x00007fff561e0000 - 0x00007fff56563000 	C:\WINDOWS\System32\combase.dll
0x00007fff56610000 - 0x00007fff566e9000 	C:\WINDOWS\System32\OLEAUT32.dll
0x00007fff419e0000 - 0x00007fff41a1b000 	C:\WINDOWS\SYSTEM32\dbgcore.DLL
0x00007fff55330000 - 0x00007fff553dc000 	C:\WINDOWS\System32\bcryptPrimitives.dll
0x00007fff3f950000 - 0x00007fff3f95f000 	c:\Users\Admin\.kiro\extensions\redhat.java-1.55.0-win32-x64\jre\21.0.11-win32-x86_64\bin\instrument.dll
0x00007ffee52d0000 - 0x00007ffee52f0000 	c:\Users\Admin\.kiro\extensions\redhat.java-1.55.0-win32-x64\jre\21.0.11-win32-x86_64\bin\java.dll
0x00007fff56d60000 - 0x00007fff574f2000 	C:\WINDOWS\System32\SHELL32.dll
0x00007fff52d20000 - 0x00007fff535b2000 	C:\WINDOWS\SYSTEM32\windows.storage.dll
0x00007fff575c0000 - 0x00007fff576b7000 	C:\WINDOWS\System32\SHCORE.dll
0x00007fff560f0000 - 0x00007fff56157000 	C:\WINDOWS\System32\shlwapi.dll
0x00007fff551c0000 - 0x00007fff551e9000 	C:\WINDOWS\SYSTEM32\profapi.dll
0x00007ffee4960000 - 0x00007ffee4978000 	c:\Users\Admin\.kiro\extensions\redhat.java-1.55.0-win32-x64\jre\21.0.11-win32-x86_64\bin\zip.dll
0x00007fff37df0000 - 0x00007fff37e00000 	C:\Users\Admin\.kiro\extensions\redhat.java-1.55.0-win32-x64\jre\21.0.11-win32-x86_64\bin\net.dll
0x00007fff4ef10000 - 0x00007fff4f037000 	C:\WINDOWS\SYSTEM32\WINHTTP.dll
0x00007fff544d0000 - 0x00007fff5453c000 	C:\WINDOWS\system32\mswsock.dll
0x00007ffee4810000 - 0x00007ffee4826000 	C:\Users\Admin\.kiro\extensions\redhat.java-1.55.0-win32-x64\jre\21.0.11-win32-x86_64\bin\nio.dll
0x00007fff163e0000 - 0x00007fff163f0000 	c:\Users\Admin\.kiro\extensions\redhat.java-1.55.0-win32-x64\jre\21.0.11-win32-x86_64\bin\verify.dll
0x00007ffee4b30000 - 0x00007ffee4b75000 	C:\Users\Admin\AppData\Roaming\Kiro\User\globalStorage\redhat.java\1.55.0\config_win\org.eclipse.equinox.launcher\org.eclipse.equinox.launcher.win32.win32.x86_64_1.3.100.v20260613-0559\eclipse_11924.dll
0x00007fff56910000 - 0x00007fff56aa9000 	C:\WINDOWS\System32\ole32.dll

JVMTI agents:
c:\Users\Admin\.kiro\extensions\redhat.java-1.55.0-win32-x64\lombok\lombok-1.18.39-4050.jar path:c:\Users\Admin\.kiro\extensions\redhat.java-1.55.0-win32-x64\jre\21.0.11-win32-x86_64\bin\instrument.dll, loaded, initialized, instrumentlib options:none

dbghelp: loaded successfully - version: 4.0.5 - missing functions: none
symbol engine: initialized successfully - sym options: 0x614 - pdb path: .;c:\Users\Admin\.kiro\extensions\redhat.java-1.55.0-win32-x64\jre\21.0.11-win32-x86_64\bin;C:\WINDOWS\SYSTEM32;C:\WINDOWS\WinSxS\amd64_microsoft.windows.common-controls_6595b64144ccf1df_6.0.26100.8875_none_3e0d5d42e32fe9dd;c:\Users\Admin\.kiro\extensions\redhat.java-1.55.0-win32-x64\jre\21.0.11-win32-x86_64\bin\server;C:\Users\Admin\AppData\Roaming\Kiro\User\globalStorage\redhat.java\1.55.0\config_win\org.eclipse.equinox.launcher\org.eclipse.equinox.launcher.win32.win32.x86_64_1.3.100.v20260613-0559

VM Arguments:
jvm_args: --add-modules=ALL-SYSTEM --add-opens=java.base/java.util=ALL-UNNAMED --add-opens=java.base/java.lang=ALL-UNNAMED --add-opens=java.base/sun.nio.fs=ALL-UNNAMED -Declipse.application=org.eclipse.jdt.ls.core.id1 -Dosgi.bundles.defaultStartLevel=4 -Declipse.product=org.eclipse.jdt.ls.core.product -Djava.import.generatesMetadataFilesAtProjectRoot=false -DDetectVMInstallationsJob.disabled=true -Dfile.encoding=utf8 -XX:+UseParallelGC -XX:GCTimeRatio=4 -XX:AdaptiveSizePolicyWeight=90 -Dsun.zip.disableMemoryMapping=true -Xmx2G -Xms100m -Xlog:disable -javaagent:c:\Users\Admin\.kiro\extensions\redhat.java-1.55.0-win32-x64\lombok\lombok-1.18.39-4050.jar -XX:+HeapDumpOnOutOfMemoryError -XX:HeapDumpPath=c:\Users\Admin\AppData\Roaming\Kiro\User\workspaceStorage\d3571a9e9eae995ea7f6bf7334ee90d5\redhat.java -Daether.dependencyCollector.impl=bf 
java_command: c:\Users\Admin\.kiro\extensions\redhat.java-1.55.0-win32-x64\server\plugins\org.eclipse.equinox.launcher_1.7.200.v20260619-2039.jar -configuration c:\Users\Admin\AppData\Roaming\Kiro\User\globalStorage\redhat.java\1.55.0\config_win -data c:\Users\Admin\AppData\Roaming\Kiro\User\workspaceStorage\d3571a9e9eae995ea7f6bf7334ee90d5\redhat.java\jdt_ws --pipe=\\.\pipe\lsp-c720652db455c1479bda1d16dbd42a10-sock
java_class_path (initial): c:\Users\Admin\.kiro\extensions\redhat.java-1.55.0-win32-x64\server\plugins\org.eclipse.equinox.launcher_1.7.200.v20260619-2039.jar
Launcher Type: SUN_STANDARD

[Global flags]
    uintx AdaptiveSizePolicyWeight                 = 90                                        {product} {command line}
     intx CICompilerCount                          = 4                                         {product} {ergonomic}
    uintx GCTimeRatio                              = 4                                         {product} {command line}
     bool HeapDumpOnOutOfMemoryError               = true                                   {manageable} {command line}
    ccstr HeapDumpPath                             = c:\Users\Admin\AppData\Roaming\Kiro\User\workspaceStorage\d3571a9e9eae995ea7f6bf7334ee90d5\redhat.java         {manageable} {command line}
   size_t InitialHeapSize                          = 104857600                                 {product} {command line}
   size_t MaxHeapSize                              = 2147483648                                {product} {command line}
   size_t MaxNewSize                               = 715653120                                 {product} {ergonomic}
   size_t MinHeapDeltaBytes                        = 524288                                    {product} {ergonomic}
   size_t MinHeapSize                              = 104857600                                 {product} {command line}
   size_t NewSize                                  = 34603008                                  {product} {ergonomic}
    uintx NonNMethodCodeHeapSize                   = 5839372                                {pd product} {ergonomic}
    uintx NonProfiledCodeHeapSize                  = 122909434                              {pd product} {ergonomic}
   size_t OldSize                                  = 70254592                                  {product} {ergonomic}
    uintx ProfiledCodeHeapSize                     = 122909434                              {pd product} {ergonomic}
    uintx ReservedCodeCacheSize                    = 251658240                              {pd product} {ergonomic}
     bool SegmentedCodeCache                       = true                                      {product} {ergonomic}
   size_t SoftMaxHeapSize                          = 2147483648                             {manageable} {ergonomic}
     bool UseCompressedOops                        = true                           {product lp64_product} {ergonomic}
     bool UseLargePagesIndividualAllocation        = false                                  {pd product} {ergonomic}
     bool UseParallelGC                            = true                                      {product} {command line}

Logging:
Log output configuration:
 #0: stdout all=off uptime,level,tags foldmultilines=false
 #1: stderr all=off uptime,level,tags foldmultilines=false

Release file:
JAVA_VERSION="21.0.11" 
MODULES="java.base java.compiler java.datatransfer java.xml java.prefs java.desktop java.instrument java.logging java.management java.security.sasl java.naming java.rmi java.management.rmi java.net.http java.scripting java.security.jgss java.transaction.xa java.sql java.sql.rowset java.xml.crypto java.se java.smartcardio jdk.accessibility jdk.internal.jvmstat jdk.attach jdk.charsets jdk.internal.opt jdk.zipfs jdk.compiler jdk.crypto.ec jdk.crypto.cryptoki jdk.crypto.mscapi jdk.dynalink jdk.internal.ed jdk.editpad jdk.hotspot.agent jdk.httpserver jdk.internal.le jdk.internal.vm.ci jdk.internal.vm.compiler jdk.internal.vm.compiler.management jdk.jartool jdk.javadoc jdk.jcmd jdk.management jdk.management.agent jdk.jconsole jdk.jdeps jdk.jdwp.agent jdk.jdi jdk.jfr jdk.jshell jdk.jsobject jdk.jstatd jdk.localedata jdk.management.jfr jdk.naming.dns jdk.naming.rmi jdk.net jdk.nio.mapmode jdk.random jdk.sctp jdk.security.auth jdk.security.jgss jdk.unsupported jdk.unsupported.desktop jdk.xml.dom" 

Environment Variables:
PATH=C:\app\Admin\product\21c\dbhomeXE\bin;C:\Program Files\Common Files\Oracle\Java\javapath;C:\Program Files (x86)\Common Files\Oracle\Java\javapath;C:\WINDOWS\system32;C:\WINDOWS;C:\WINDOWS\System32\Wbem;C:\WINDOWS\System32\WindowsPowerShell\v1.0\;C:\WINDOWS\System32\OpenSSH\;C:\xampp\php;C:\Program Files (x86)\Microsoft SQL Server\160\Tools\Binn\;C:\Program Files\Microsoft SQL Server\160\Tools\Binn\;C:\Program Files\Microsoft SQL Server\Client SDK\ODBC\170\Tools\Binn\;C:\Program Files\Microsoft SQL Server\160\DTS\Binn\;C:\Program Files (x86)\Microsoft SQL Server\160\DTS\Binn\;C:\Program Files\nodejs\;C:\Program Files\dotnet\;C:\Program Files\Git\cmd;C:\Program Files\Docker\Docker\resources\bin;C:\Users\Admin\AppData\Local\Android\Sdk\platform-tools;C:\Users\Admin\AppData\Local\Programs\Python\Python313\Scripts\;C:\Users\Admin\AppData\Local\Programs\Python\Python313\;C:\Users\Admin\AppData\Local\Programs\Python\Launcher\;C:\Program Files\MySQL\MySQL Shell 8.0\bin\;C:\Users\Admin\AppData\Local\Microsoft\WindowsApps;C:\Users\Admin\AppData\Local\Programs\Microsoft VS Code\bin;C:\Program Files\Java\jdk1.8.0_261\bin;C:\Users\Admin\AppData\Roaming\npm;C:\Users\Admin\AppData\Local\Programs\cursor\resources\app\bin;C:\Program Files\apache-maven-3.9.12\bin;C:\Users\Admin\AppData\Local\Programs\Antigravity\bin;C:\Users\Admin\AppData\Local\Programs\Kiro\bin;C:\Users\Admin\AppData\Local\Android\Sdk\platform-tools;C:\Users\Admin\AppData\Local\Android\Sdk\platform-tools;C:\Users\Admin\AppData\Local\Android\Sdk\platform-tools;
USERNAME=Admin
OS=Windows_NT
PROCESSOR_IDENTIFIER=Intel64 Family 6 Model 142 Stepping 12, GenuineIntel
TMP=C:\Users\Admin\AppData\Local\Temp
TEMP=C:\Users\Admin\AppData\Local\Temp




Periodic native trim disabled

---------------  S Y S T E M  ---------------

OS:
 Windows 11 , 64 bit Build 26100 (10.0.26100.8875)
OS uptime: 7 days 19:14 hours
Hyper-V role detected

CPU: total 8 (initial active 8) (4 cores per cpu, 2 threads per core) family 6 model 142 stepping 12 microcode 0x100, cx8, cmov, fxsr, ht, mmx, 3dnowpref, sse, sse2, sse3, ssse3, sse4.1, sse4.2, popcnt, lzcnt, tsc, tscinvbit, avx, avx2, aes, erms, clmul, bmi1, bmi2, adx, fma, vzeroupper, clflush, clflushopt, hv, rdtscp, f16c
Processor Information for the first 8 processors :
  Max Mhz: 1800, Current Mhz: 1600, Mhz Limit: 1584

Memory: 4k page, system-wide physical 16190M (605M free)
TotalPageFile size 27801M (AvailPageFile size 75M)
current process WorkingSet (physical memory assigned to process): 109M, peak: 115M
current process commit charge ("private bytes"): 249M, peak: 255M

vm_info: OpenJDK 64-Bit Server VM (21.0.11+10-LTS) for windows-amd64 JRE (21.0.11+10-LTS), built on 2026-04-21T00:00:00Z by "admin" with MS VC++ 17.12 (VS2022)

END.
